"幣別	按美元計算/ <b>總計</b>	按美元計算/ 動物產品	按美元計算/ 2.植物產品	按美元計算/ (1)食用蔬菜	按美元計算/ (2)食用果實及堅果	按美元計算/ 3.動植物油脂	按美元計算/ (1)調製食品	按美元計算/ (3)菸及菸葉代用品	按美元計算/ (1)有機化學品	按美元計算/ 7.塑膠、橡膠及其製品	按美元計算/ (1)塑膠原料	按美元計算/ (2)塑膠製品	按美元計算/ 8.毛皮及其製品	按美元計算/ 9.木及木製品	按美元計算/ 紙及其製品；印刷品	按美元計算/ 11.紡織品	按美元計算/ 13.非金屬礦物製品	按美元計算/ 14.珠寶及貴金屬製品	按美元計算/ 15.基本金屬及其製品	按美元計算/ (1)鋼鐵及其製品	按美元計算/ (2)其他基本金屬及其製品	按美元計算/ (1)電子零組件	按美元計算/ (2)機械	按美元計算/ (4)資通與視聽產品",,,,,,,,,,,,,,,,,
"90年 1月	""10","064.66""	83.655	16.356	4.764	1.771	2.185	25.823	0.451	123.506	579.147	241.137	264.596	65.17	25.386	59.588	893.818	80.888	13.563	988.908	604.905	384.002	""2","020.55""	847.922	""2","195.44""",,,,,,,,,,,,,,
"90年 2月	""10","389.16""	74.833	19.933	6.643	0.983	2.579	25.194	0.32	118.59	692.113	341.029	270.432	65.123	24.817	75.777	928.074	78.362	8.552	923.307	571.59	351.717	""2","026.13""	766.976	""2","533.52""",,,,,,,,,,,,,,
"90年 3月	""12","003.92""	88.746	24.503	9.329	1.844	2.309	33.871	0.446	133.077	739.888	316.574	330.479	95.966	30.46	90.731	""1","166.75""	82.938	16.146	""1","025.17""	606.369	418.803	""2","017.36""	923.267	""3","169.03""",,,,,,,,,,,,
"90年 4月	""11","152.06""	116.825	26.718	9.618	3.193	2.727	37.258	0.439	131.943	713.572	310.293	306.888	109.88	30.306	84.834	""1","194.12""	78.376	9.159	""1","008.75""	624.393	384.355	""1","750.07""	936.279	""2","649.07""",,,,,,,,,,,,
"90年 5月	""10","406.65""	108.741	31.924	9.501	7.044	2.425	35.182	1.027	141.115	686.75	298.957	296.003	101.873	28.251	85.358	""1","195.07""	72.784	10.128	958.43	582.491	375.939	""1","633.43""	843.529	""2","391.57""",,,,,,,,,,,,,
"90年 6月	""10","609.01""	98.088	28.088	7.186	6.187	2.52	42.392	0.518	148.242	679.312	291.344	296.284	101.24	28.55	85.099	""1","200.00""	72	13.932	933.755	566.332	367.423	""1","609.71""	827.009	""2","639.66""",,,,,,,,,,,,,
"90年 7月	""10","023.78""	88.428	29.529	7.757	4.634	2.807	34.974	0.284	126.848	655.643	287.312	280.054	84.361	27.104	78.674	""1","082.73""	67.707	12.594	915.298	557.312	357.985	""1","496.56""	821.921	""2","513.22""",,,,,,,,,,,,,
"90年 8月	""9","773.22""	101.399	18.638	7.036	0.69	2.651	28.782	0.179	121.395	692.842	326.308	281.314	73.713	29.127	77.203	""1","065.23""	75.749	15.168	925.31	552.774	372.535	""1","498.34""	784.625	""2","261.32""",,,,,,,,,,,,,
"90年 9月	""9","138.49""	102.743	19.025	3.79	0.875	2.586	24.117	0.18	123.087	606.912	274.762	250.874	71.522	24.281	68.279	910.76	66.155	11.931	862.076	527.069	335.007	""1","544.07""	726.788	""2","146.96""",,,,,,,,,,,,,,
"90年 10月	""11","862.55""	99.89	20.147	2.756	0.986	3.16	33.485	0.188	153.768	743.532	325.149	322.696	79.538	31.791	86.115	""1","149.20""	83.468	14.319	""1","047.75""	618.785	428.961	""1","903.27""	939.483	""3","125.50""",,,,,,,,,,,,
"90年 11月	""10","515.62""	111.14	18.26	3.423	0.951	2.903	27.655	0.851	107.008	605.647	248.257	277.875	75.122	25.342	79.692	927.467	67.71	14.977	849.572	513.962	335.61	""1","834.27""	803.142	""2","953.08""",,,,,,,,,,,,,,
"90年 12月	""10","669.48""	106.202	23.051	3.317	1.02	3.071	30.043	0.979	121.233	630.153	267.491	279.945	78.387	24.939	79.239	933.557	66.319	16.874	922.502	564.62	357.882	""1","736.48""	874.726	""2","810.54""",,,,,,,,,,,,,,
"91年 1月	""10","051.54""	101.87	20.781	3.835	0.784	3.203	26.983	0.143	127.162	663.515	304.241	272.507	57.539	26.046	78.248	830.402	72.338	19.953	954.717	602.172	352.545	""1","730.30""	875.272	""2","349.62""",,,,,,,,,,,,,,
"91年 2月	""8","303.38""	80.104	15.201	3.204	0.604	2.186	18.908	0.328	99.217	513.829	232.666	215.819	40.906	17.748	55.292	659.237	57.706	8.446	705.432	434.464	270.968	""1","511.50""	628.087	""2","197.48""",,,,,,,,,,,,,,
"91年 3月	""11","925.11""	104.753	24.11	5.16	3.268	3.861	31.117	0.262	137.396	811.517	389.693	316.929	85.174	27.106	91.987	""1","043.55""	82.485	10.494	""1","082.07""	677.833	404.235	""1","923.84""	""1","000.62""	""2","892.69""",,,,,,,,,,,
"91年 4月	""11","288.03""	100.185	26.527	8.123	5.343	2.956	29.859	0.082	139.817	756.046	334.962	321.554	94.841	26.563	88.106	""1","088.82""	84.97	12.58	""1","022.72""	612.586	410.13	""1","830.48""	983.436	""2","564.66""",,,,,,,,,,,,
"91年 5月	""11","422.80""	100.953	33.562	9.501	4.144	2.982	30.685	0.63	124.594	741.858	318.244	328.856	98.383	26.015	94.327	""1","141.21""	83.236	17.985	""1","055.42""	635.4	420.018	""1","899.50""	""1","004.42""	""2","485.29""",,,,,,,,,,,
"91年 6月	""11","652.05""	103.44	25.882	8.058	4.876	2.857	38.457	0.09	121.98	765.234	354.532	308.958	92.612	27.216	96.245	""1","154.98""	83.755	14.623	""1","076.74""	678.034	398.702	""1","926.09""	990.56	""2","572.65""",,,,,,,,,,,,
"91年 7月	""11","581.45""	116.576	28.354	8.317	3.993	2.529	32.056	0.275	156.966	772.243	355.832	315.469	87.12	27.315	95.397	""1","129.38""	81.861	14.255	""1","083.56""	662.533	421.029	""1","957.46""	""1","003.74""	""2","523.14""",,,,,,,,,,,
"91年 8月	""11","305.27""	103.979	21.555	8.719	1.134	2.819	25.691	0.974	206.457	777.252	376.635	300.086	75.259	27.039	92.968	""1","034.87""	80.848	10.192	""1","060.84""	658.908	401.936	""2","082.96""	983.112	""2","454.49""",,,,,,,,,,,,
"91年 9月	""11","762.88""	99.906	19.564	4.965	1.234	3.254	25.8	0.946	204.509	727.379	347.288	287.435	82.641	26.11	86.303	""1","043.43""	77.649	14.772	""1","098.90""	683.514	415.39	""2","159.37""	962.382	""2","645.99""",,,,,,,,,,,,
"91年 10月	""11","921.96""	116.347	16.211	3.04	1.078	2.744	27.538	0.749	181.86	768.739	379.991	294.995	83.341	24.918	95.634	""1","054.54""	76.579	12.676	""1","087.83""	675.9	411.926	""2","102.26""	997.604	""2","803.33""",,,,,,,,,,,,
"91年 11月	""12","356.73""	126.123	17.167	3.268	1.577	3.109	31.506	0.508	189.313	779.442	382.134	299.82	82.374	23.841	90.621	993.022	77.001	10.575	""1","144.24""	737.977	406.263	""2","169.76""	""1","014.86""	""2","973.50""",,,,,,,,,,,,
"91年 12月	""12","198.58""	128.031	19.591	3.016	1.59	3.54	29.433	1.709	193.276	764.75	371.169	292.164	82.262	25.783	86.782	989.711	81.162	14.025	""1","199.21""	769.24	429.968	""2","126.97""	""1","120.85""	""2","713.12""",,,,,,,,,,,,
"92年 1月	""10","519.13""	117.301	20.005	4.42	1.854	2.827	24.887	1.95	171.431	712.558	354.356	261.976	64.067	21.629	70.675	798.274	72.236	8.984	""1","123.86""	737.232	386.631	""1","877.40""	896.576	""2","177.35""",,,,,,,,,,,,,
"92年 2月	""10","210.17""	93.329	16.731	4.471	2.195	3.102	18.994	1.19	165.78	723.414	392.409	247.353	52.613	20.081	76.017	785.618	63.904	9.651	946.726	627.857	318.869	""1","833.36""	824.099	""2","322.17""",,,,,,,,,,,,,,
"92年 3月	""13","244.70""	116.232	31.21	9.739	5.236	3.776	31.241	3.764	189.97	878.53	418.268	341.901	91.483	29.029	103.523	""1","083.06""	90.624	12.038	""1","324.06""	867.681	456.376	""2","305.22""	""1","161.70""	""2","727.83""",,,,,,,,,,,
"92年 4月	""12","093.75""	122.72	29.318	10.507	6.329	4.249	28.768	2.283	174.513	790.067	362.682	320.358	89.061	25.879	96.479	""1","040.23""	85.686	11.712	""1","193.89""	767.88	426.013	""2","149.37""	""1","068.95""	""2","386.50""",,,,,,,,,,,
"92年 5月	""11","745.60""	118.261	29.068	10.602	4.679	3.877	32.636	2.553	189.599	814.306	400.897	305.577	96.412	24.564	94.006	""1","035.33""	78.591	12.398	""1","161.64""	748.579	413.062	""2","127.21""	""1","018.87""	""2","239.58""",,,,,,,,,,,
"92年 6月	""12","153.95""	110.019	27.919	9.011	5.534	4.397	26.003	3.17	287.354	831.318	412.973	301.039	85.435	25.444	91.552	""1","073.72""	85.982	12.536	""1","135.70""	743.502	392.199	""2","108.67""	""1","063.24""	""2","374.93""",,,,,,,,,,,
"92年 7月	""12","216.07""	120.118	29.035	7.447	4.838	3.31	25.961	1.193	249.5	813.845	404.145	298.082	73.304	24.196	92.271	""1","022.34""	81.294	12.143	""1","188.00""	787.342	400.661	""2","232.49""	""1","040.92""	""2","362.43""",,,,,,,,,,,
"92年 8月	""12","960.90""	103.709	20.853	5.869	1.849	4.263	26.716	0.719	263.585	879.076	468.909	301.709	66.747	26.384	91.114	994.561	86.641	17.2	""1","162.67""	752.554	410.115	""2","606.48""	""1","101.74""	""2","571.57""",,,,,,,,,,,,
"92年 9月	""13","242.06""	127.293	18.708	3.479	2.995	3.645	25.888	0.797	218.674	804.615	397.882	297.772	71.375	26.212	90.341	998.609	81.755	15.164	""1","236.53""	811.744	424.79	""2","673.12""	""1","080.83""	""2","693.28""",,,,,,,,,,,,
"92年 10月	""13","714.89""	124.389	18.496	2.485	1.606	4.141	29.587	0.269	210.418	933.636	502.998	319.553	76.575	27.411	101.703	""1","023.13""	89.2	14.788	""1","236.57""	777.636	458.935	""2","787.24""	""1","102.78""	""2","902.38""",,,,,,,,,,,
"92年 11月	""14","501.43""	114.448	21.618	4.474	1.955	4.483	31.83	0.19	264.973	901.165	471.07	314.913	87.221	25.075	99.801	""1","009.18""	87.473	17.481	""1","298.23""	854.889	443.336	""2","909.02""	""1","163.14""	""3","097.49""",,,,,,,,,,,
"92年 12月	""14","731.79""	112.588	22.695	3.518	2.362	4.838	35.762	0.712	263.929	959.191	489.241	346.703	79.295	27.783	97.577	""1","028.98""	90.995	21.5	""1","379.03""	889.367	489.667	""2","796.65""	""1","268.13""	""3","025.73""",,,,,,,,,,,
"93年 1月	""12","448.07""	97.019	20.516	4.417	2.512	3.532	26.595	1.529	256.698	838.101	457.544	277.79	50.353	22.2	80.84	808.878	77.699	16.118	""1","152.95""	744.929	408.017	""2","549.63""	""1","021.54""	""2","367.54""",,,,,,,,,,,,
"93年 2月	""13","894.18""	111.407	20.009	6.157	1.393	4.578	28.773	1.549	292.35	921.07	497.149	307.854	60.63	23.347	98.819	923.262	84.981	18.918	""1","284.65""	846.327	438.326	""2","909.51""	""1","113.24""	""2","623.31""",,,,,,,,,,,,
"93年 3月	""15","529.97""	121.275	27.842	10.726	2.34	4.554	36.758	3.045	310.572	""1","030.88""	525.524	374.089	83.654	30.263	105.133	""1","101.34""	101.172	18.947	""1","488.69""	947.529	541.161	""2","968.35""	""1","326.79""	""2","929.28""",,,,,,,,,,
"93年 4月	""14","824.71""	119.62	28.258	12.593	3.151	4.435	34.915	1.245	336.464	999.875	533.451	344.904	95.405	29.368	106.981	""1","101.41""	92.315	17.929	""1","462.69""	942.609	520.081	""2","944.75""	""1","252.05""	""2","508.79""",,,,,,,,,,,
"93年 5月	""16","536.55""	123.812	33.267	13.294	4.878	5.171	41.324	2.67	388.179	""1","112.15""	598.405	372.969	107.209	27.692	119.981	""1","241.04""	105.963	18.352	""1","581.14""	""1","011.42""	569.724	""3","316.80""	""1","400.28""	""2","768.00""",,,,,,,,,
"93年 6月	""15","299.78""	117.875	27.422	8.059	6.442	4.424	31.67	1.897	340.072	""1","063.41""	581.119	348.457	90.005	27.757	99.124	""1","151.45""	100.355	18.806	""1","541.64""	994.266	547.373	""2","981.82""	""1","331.04""	""2","472.04""",,,,,,,,,,
"93年 7月	""15","456.06""	130.554	28.163	7.195	5.413	4.196	34.839	1.228	334.753	""1","043.85""	569.46	341.147	82.626	28.335	106.654	""1","101.18""	106.407	17.73	""1","580.84""	""1","034.15""	546.692	""3","211.65""	""1","303.72""	""2","423.68""",,,,,,,,,
"93年 8月	""15","542.45""	145.813	22.98	6.301	2.717	4.708	29.237	0.344	394.907	""1","132.23""	639.003	348.327	74.796	31.753	97.582	""1","034.00""	109.827	16.359	""1","650.70""	""1","082.64""	568.06	""3","233.30""	""1","307.31""	""2","404.54""",,,,,,,,,
"93年 9月	""15","767.66""	178.325	19.26	3.937	1.95	4.357	29.303	0.62	394.919	""1","086.92""	620.796	340.555	79.717	27.856	103.286	""1","032.94""	111.846	19.186	""1","601.98""	""1","060.00""	541.985	""3","411.57""	""1","292.91""	""2","585.11""",,,,,,,,,
"93年 10月	""16","230.54""	134.111	19.751	3.959	1.402	4.873	36.89	0.951	385.383	""1","181.35""	691.157	355.747	83.145	26.976	111.672	""1","066.63""	116.697	23.988	""1","666.08""	""1","082.65""	583.433	""3","501.91""	""1","339.47""	""2","669.12""",,,,,,,,,
"93年 11月	""16","393.76""	125.742	20.009	4.329	1.853	3.909	35.173	2.004	390.975	""1","145.63""	635.308	368.05	85.737	28.993	104.943	""1","022.33""	108.256	21.597	""1","679.22""	""1","117.53""	561.689	""3","357.40""	""1","342.07""	""3","031.97""",,,,,,,,,
"93年 12月	""15","707.47""	156.888	20.972	4.527	2.074	4.193	35.202	2.411	354.322	""1","096.52""	593.895	361.728	79.031	27.366	104.963	979.07	108.541	19.807	""1","734.63""	""1","147.06""	587.574	""3","028.35""	""1","354.74""	""2","827.73""",,,,,,,,,,
"94年 1月	""16","210.37""	141.583	25.553	5.858	2.181	4.638	33.942	4.236	540.61	""1","199.08""	687.591	361.654	65.522	26.494	109.654	932.337	113.303	24.11	""1","810.00""	""1","224.76""	585.237	""3","251.70""	""1","353.33""	""2","511.87""",,,,,,,,,,
"94年 2月	""12","301.24""	117.205	15.338	4.16	1.046	3.182	22.065	2.477	416.102	925.782	547.944	269.314	44.816	18.042	79.693	707.628	78.561	15.528	""1","371.65""	960.884	410.767	""2","429.61""	970.75	""1","956.53""",,,,,,,,,,,,,
"94年 3月	""16","615.11""	109.264	25.305	9.037	2.152	4.797	34.557	2.273	460.297	""1","362.14""	809.644	389.04	96.808	27.295	119.147	""1","073.58""	101.376	17.215	""1","920.96""	""1","307.94""	613.021	""3","020.43""	""1","344.93""	""2","657.10""",,,,,,,,,
"94年 4月	""16","474.64""	141.688	24.815	8.517	4.022	4.476	31.873	1.067	452.887	""1","205.20""	669.639	381.002	93.079	24.758	112.456	""1","074.51""	98.984	19.121	""1","823.02""	""1","214.85""	608.174	""3","207.13""	""1","341.99""	""2","441.80""",,,,,,,,,
"94年 5月	""17","234.80""	140.252	30.002	10.087	4.872	4.903	40.828	2.46	530.081	""1","268.46""	694.496	400.767	106.264	28.32	120.602	""1","134.01""	116.126	21.893	""1","956.69""	""1","306.34""	650.349	""3","085.13""	""1","458.54""	""2","539.72""",,,,,,,,,
"94年 6月	""15","652.41""	134.682	26.125	7.113	5.648	3.83	32.443	3.407	468.223	""1","265.13""	729.913	372.067	87.815	24.25	109.169	""1","041.80""	106.542	21.449	""1","662.05""	""1","080.34""	581.71	""2","987.81""	""1","309.77""	""2","286.13""",,,,,,,,,
"94年 7月	""16","277.18""	120.818	28.318	7.78	4.994	4.083	29.11	2.641	515.506	""1","230.25""	705.235	368.951	80.521	23.043	106.677	984.424	100.737	23.941	""1","620.76""	""1","014.44""	606.315	""3","389.77""	""1","300.18""	""2","472.31""",,,,,,,,,,
"94年 8月	""16","700.89""	110.886	20.329	5.68	1.179	3.369	31.134	1.72	431.54	""1","255.19""	704.852	387.853	73.536	24.736	104.937	990.682	102.899	19.1	""1","669.82""	""1","045.84""	623.979	""3","530.07""	""1","364.41""	""2","498.40""",,,,,,,,,,
"94年 9月	""17","129.83""	124.822	21.76	4.351	1.626	3.5	30.68	1.715	461.003	""1","228.93""	688.858	381.912	71.583	24.361	105.798	968.047	100.289	31.395	""1","593.83""	995.07	598.763	""3","861.95""	""1","237.84""	""2","498.11""",,,,,,,,,,,
"94年 10月	""18","901.55""	113.447	17.532	3.386	0.858	4.378	34.646	2.684	434.781	""1","293.77""	718.947	407.086	87.941	26.495	113.306	""1","032.88""	122.504	30.945	""1","770.04""	""1","077.46""	692.575	""4","277.18""	""1","363.51""	""2","763.40""",,,,,,,,,
"94年 11月	""18","157.04""	113.672	19.327	3.804	1.196	4.224	34.705	3.38	462.446	""1","220.10""	686.054	386.52	82.796	25.992	108.45	953.079	111.94	40.336	""1","672.24""	""1","035.69""	636.557	""4","087.59""	""1","314.50""	""2","755.91""",,,,,,,,,,
"94年 12月	""18","097.52""	260.916	23.266	4.428	2.246	3.622	36.58	3.727	504.165	""1","284.16""	758.515	372.118	74.609	23.742	102.881	941.188	99.926	47.469	""1","596.38""	962.816	633.562	""4","104.79""	""1","376.15""	""2","593.67""",,,,,,,,,,,
"95年 1月	""16","970.90""	111.902	20.523	3.33	2.27	3.839	27.318	3.561	387.387	""1","143.68""	628.314	366.731	55.57	22.127	93.277	856.066	95.878	58.451	""1","653.25""	""1","012.69""	640.553	""3","806.11""	""1","269.52""	""2","357.50""",,,,,,,,,,
"95年 2月	""15","552.21""	98.197	17.66	4.75	1.248	3.224	27.492	1.683	498.606	""1","131.41""	670.58	315.946	53.154	18.13	90.09	798.521	97.283	61.918	""1","497.52""	934.516	562.999	""3","487.79""	""1","052.29""	""1","999.14""",,,,,,,,,,,
"95年 3月	""18","055.40""	96.563	27.473	7.08	2.583	3.826	35.012	3.526	447.397	""1","298.96""	729.842	399.012	89.727	23.83	112.652	""1","016.68""	109.543	63.015	""1","792.16""	""1","077.64""	714.519	""4","199.16""	""1","390.91""	""2","504.10""",,,,,,,,,
"95年 4月	""18","963.73""	95.759	29.988	10.394	5.479	4.49	33.757	2.813	484.403	""1","360.21""	778.282	407.684	97.966	24.856	114.033	""1","071.06""	111.788	52.7	""1","862.81""	""1","134.07""	728.733	""4","306.81""	""1","403.25""	""2","490.93""",,,,,,,,,
"95年 5月	""19","077.43""	106.187	33.591	9.384	6.577	3.627	36.31	2.839	555.776	""1","438.12""	836.102	414.332	98.093	26.086	120.671	""1","115.81""	115.738	65.927	""2","044.54""	""1","240.49""	804.049	""4","169.81""	""1","473.20""	""2","452.33""",,,,,,,,,
"95年 6月	""18","262.54""	114.882	26.171	6.294	5.13	3.483	36.062	2.989	517.449	""1","284.85""	745.713	372.29	85.259	24.959	117.635	""1","034.40""	115.853	82.931	""1","868.98""	""1","107.52""	761.456	""4","155.75""	""1","363.91""	""2","329.55""",,,,,,,,,
"95年 7月	""19","736.57""	129.96	30.153	7.601	5.242	3.917	34.355	3.224	541.009	""1","376.84""	796.709	402.254	79.171	27.285	118.741	""1","029.70""	133.939	81.409	""2","131.28""	""1","305.31""	825.962	""4","614.88""	""1","474.18""	""2","575.98""",,,,,,,,,
"95年 8月	""19","502.04""	144.841	25.623	5.924	1.8	4.104	31.681	3.395	468.724	""1","428.63""	846.226	409.885	74.634	26.876	119.366	975.58	127.826	104.956	""2","189.36""	""1","368.12""	821.24	""4","622.56""	""1","495.80""	""2","504.31""",,,,,,,,,,
"95年 9月	""20","266.44""	142.836	21.367	4.188	2.117	4.909	29.621	2.829	561.854	""1","305.43""	732.835	410.584	69.8	26.001	119.092	986.316	129.127	71.231	""2","227.94""	""1","361.27""	866.672	""5","008.46""	""1","397.56""	""2","579.36""",,,,,,,,,,
"95年 10月	""20","002.07""	105.192	22.089	3.41	1.779	4.774	29.827	4.513	384.969	""1","343.22""	764.492	415.303	80.139	24.891	119.673	991.404	131.725	74.343	""2","358.72""	""1","487.34""	871.382	""4","859.99""	""1","429.04""	""2","651.77""",,,,,,,,,,
"95年 11月	""19","696.99""	117.076	21.294	3.672	2.026	4.152	31.665	3.419	593.781	""1","393.92""	830.027	411.052	81.743	26.05	115.757	945.397	119.382	73.396	""2","195.02""	""1","337.61""	857.409	""4","594.94""	""1","394.22""	""2","713.37""",,,,,,,,,,
"95年 12月	""19","817.88""	94.55	19.863	3.612	2.077	5.775	32.899	5.359	556.283	""1","425.76""	857.311	404.592	78.754	23.259	122.989	964.992	117.234	83	""2","213.76""	""1","367.21""	846.543	""4","637.81""	""1","440.08""	""2","715.88""",,,,,,,,,,
"96年 1月	""20","007.77""	103.846	29.327	4.888	2.416	5.944	35.462	3.267	624.075	""1","486.36""	896.19	412.792	69.59	22.862	115.583	919.75	111.421	100.442	""2","471.39""	""1","543.54""	927.851	""4","393.28""	""1","448.60""	""2","447.58""",,,,,,,,,,
"96年 2月	""15","029.08""	86.15	17.082	3.747	2.529	3.753	26.065	1.95	419.304	""1","067.43""	614.876	314.495	49.465	17.224	87.968	696.982	80.202	96.549	""1","794.81""	""1","180.32""	614.486	""3","345.00""	""1","062.43""	""2","035.63""",,,,,,,,,,
"96年 3月	""19","927.91""	95.879	30.082	6.806	4.837	5.189	33.171	2.405	641.41	""1","566.85""	961.817	420.922	91.239	21.426	130.574	""1","031.75""	120.103	83.059	""2","366.80""	""1","529.34""	837.459	""4","717.46""	""1","377.57""	""2","501.67""",,,,,,,,,
"96年 4月	""19","986.48""	86.601	29.163	6.949	4.703	5.485	41.892	4.443	658.221	""1","563.78""	949.66	431.771	95.833	23.625	131.417	""1","036.64""	122.164	115.232	""2","370.69""	""1","531.81""	838.878	""4","477.00""	""1","480.67""	""2","320.25""",,,,,,,,,
"96年 5月	""19","726.08""	104.424	32.298	7.469	5.105	4.645	36.917	4.045	694.526	""1","671.59""	""1","004.33""	457.202	105.29	25.04	138.785	""1","080.14""	118.385	86.695	""2","475.04""	""1","571.22""	903.82	""4","124.91""	""1","513.32""	""2","188.83""",,,,,,,,
"96年 6月	""20","262.37""	118.583	34.179	6.389	6.927	5.023	37.304	4.215	668.422	""1","589.76""	954.843	443.278	84.344	25.521	131.411	""1","007.61""	124.284	55.4	""2","424.02""	""1","551.49""	872.524	""4","410.08""	""1","388.76""	""2","256.79""",,,,,,,,,
"96年 7月	""21","407.20""	124.56	35.277	6.607	8.142	6.65	40.603	3.239	683.454	""1","671.73""	""1","000.25""	471.881	81.677	24.288	140.733	""1","017.86""	129.915	90.714	""2","408.65""	""1","480.92""	927.727	""4","796.02""	""1","586.76""	""2","451.40""",,,,,,,,
"96年 8月	""21","428.16""	117.628	20.403	4.727	2.275	5.327	35.616	1.636	824.142	""1","631.86""	984.082	459.909	68.043	22.693	137.27	916.838	128.847	64.401	""2","242.40""	""1","361.23""	881.179	""4","987.98""	""1","497.08""	""2","210.05""",,,,,,,,,,
"96年 9月	""22","342.66""	102.28	26.061	3.412	2.224	5.995	39.191	3.77	926.456	""1","641.77""	993.962	462.387	79.095	21.732	129.525	960.559	130.643	124.187	""2","258.29""	""1","358.25""	900.034	""5","333.57""	""1","517.62""	""2","401.27""",,,,,,,,,,
"96年 10月	""22","876.55""	121.277	24.418	2.595	1.73	5.636	38.399	4.314	867.628	""1","712.69""	""1","035.00""	486.785	86.867	26.759	137.487	999.338	130.653	133.623	""2","376.86""	""1","423.69""	953.165	""5","080.85""	""1","476.45""	""2","698.63""",,,,,,,,,
"96年 11月	""22","035.98""	108.374	21.585	2.81	1.462	6.095	40.818	1.672	925.357	""1","651.12""	""1","019.15""	452.511	86.979	23.123	135.872	948.624	123.778	178.76	""2","146.62""	""1","260.06""	886.552	""4","872.89""	""1","471.22""	""2","607.93""",,,,,,,,,
"96年 12月	""23","639.75""	157.076	24.467	4.164	1.873	7.695	49.176	5.376	""1","091.41""	""1","696.80""	""1","001.20""	488.577	84.324	27.855	135.909	993.831	143.32	145.947	""2","507.97""	""1","584.94""	923.03	""4","803.21""	""1","704.59""	""2","627.61""",,,,,,,,
"97年 1月	""22","292.69""	135.349	26.316	3.73	2.957	7.706	47.038	2.361	955.545	""1","685.59""	""1","040.77""	453.77	64.344	21.277	123.22	870.569	137.147	324.301	""2","437.66""	""1","506.24""	931.419	""4","633.73""	""1","515.68""	""2","206.73""",,,,,,,,,
"97年 2月	""17","784.44""	104.74	18.874	4.032	1.118	6.216	30.099	0.935	965.565	""1","370.59""	857.29	357.026	55.466	15.595	103.428	697.477	104.263	179.318	""1","838.53""	""1","196.23""	642.299	""3","823.28""	""1","116.82""	""1","773.78""",,,,,,,,,,
"97年 3月	""24","441.81""	122.639	32.907	10.355	2.922	9.709	55.968	4.624	""1","189.61""	""1","934.17""	""1","182.34""	526.538	99.651	25.253	151.532	""1","084.86""	150.159	232.643	""2","651.49""	""1","674.76""	976.733	""5","088.73""	""1","672.13""	""2","293.66""",,,,,,,
"97年 4月	""22","796.36""	117.521	34.545	8.919	4.393	7.997	50.68	3.644	""1","071.07""	""1","823.44""	""1","094.78""	503.847	99.722	23.235	145.112	""1","039.20""	130.882	228.297	""2","523.15""	""1","597.05""	926.097	""4","687.23""	""1","582.04""	""2","244.91""",,,,,,,
"97年 5月	""23","765.87""	131.993	33.609	9.159	5.796	6.326	47.636	3.623	""1","128.15""	""1","919.58""	""1","184.55""	510.807	105.033	22.662	150.223	""1","046.22""	135.402	151.814	""2","585.93""	""1","649.26""	936.678	""4","884.59""	""1","629.46""	""2","077.02""",,,,,,,
"97年 6月	""24","523.64""	149.01	40.07	6.984	5.141	7.396	49.24	3.404	""1","159.77""	""1","955.04""	""1","201.06""	508.625	94.622	21.472	137.17	963.744	132.636	177.769	""2","633.31""	""1","694.60""	938.705	""4","849.68""	""1","642.48""	""2","263.43""",,,,,,,,
"97年 7月	""23","081.49""	145.95	43.753	7.713	8.987	7.798	41.961	3.969	933.019	""1","845.04""	""1","116.38""	503.164	81.82	20.484	132.882	910.704	122.824	255.822	""2","566.52""	""1","638.72""	927.801	""5","141.96""	""1","560.66""	""2","284.06""",,,,,,,,,
"97年 8月	""25","412.54""	162.261	34.901	6.903	2.84	5.894	41.965	3.935	""1","070.56""	""1","884.40""	""1","102.23""	533.923	83.532	22.363	149.808	946.011	140.839	314.147	""2","718.43""	""1","751.11""	967.318	""5","701.81""	""1","661.96""	""2","432.32""",,,,,,,,
"97年 9月	""22","036.36""	140.971	32.302	4.881	2.779	5.246	37.442	2.364	776.859	""1","516.09""	814.233	486.171	80.391	18.207	124.183	898.592	123.173	146.304	""2","505.48""	""1","619.72""	885.763	""5","261.26""	""1","404.67""	""2","227.44""",,,,,,,,,,
"97年 10月	""20","963.64""	146.638	31.239	3.171	2.533	7.846	39.828	2.79	623.308	""1","524.79""	813.574	492.546	87.042	17.936	139.399	936.927	122.162	213.855	""2","363.41""	""1","552.15""	811.251	""4","843.46""	""1","428.88""	""2","187.06""",,,,,,,,,,
"97年 11月	""16","911.86""	132.918	30.924	3.901	2.246	5.487	47.964	2.446	442.872	""1","234.09""	637.753	403.538	91.462	17.353	113.437	788.944	109.563	190.231	""1","810.73""	""1","201.70""	609.034	""3","705.08""	""1","327.46""	""2","048.26""",,,,,,,,,,
"97年 12月	""13","744.14""	117.987	22.332	3.418	2.892	6.81	44.453	4.945	423.984	""1","055.34""	569.408	337.58	65.525	16.518	99.869	705.329	86.837	95.021	""1","692.92""	""1","169.10""	523.824	""2","721.39""	""1","158.08""	""1","771.37""",,,,,,,,,,
"98年 1月	""12","475.21""	134.553	24.597	5.376	3.636	5.801	34.838	1.552	379.969	932.95	510.372	305.168	54.059	13.907	84.956	570.612	68.165	145.718	""1","383.29""	933.204	450.091	""2","526.38""	""1","009.34""	""1","407.81""",,,,,,,,,,,,
"98年 2月	""12","728.11""	110.657	23.807	5.55	2.497	4.859	30.018	2.43	585.327	""1","084.37""	678.246	280.056	53.986	12.874	91.186	572.148	76.69	317.664	""1","322.48""	901.591	420.886	""2","685.98""	765.056	""1","281.81""",,,,,,,,,,,,
"98年 3月	""15","677.21""	93.015	27.114	7.159	3.773	5.588	42.659	4.507	522.945	""1","336.50""	773.567	403.99	77.953	14.974	121.179	836.586	98.733	523.896	""1","597.93""	""1","023.24""	574.694	""3","344.67""	""1","013.92""	""1","602.50""",,,,,,,,,,
"98年 4月	""14","952.22""	91.971	27.709	8.574	3.903	5.018	41.643	3.094	571.998	""1","308.05""	773.744	387.283	75.373	16.245	109.458	812.616	101.263	98.328	""1","452.61""	890.936	561.674	""3","786.00""	914.641	""1","490.70""",,,,,,,,,,,,
"98年 5月	""16","300.37""	95.95	35.574	8.47	5.391	5.689	46.47	2.057	720.39	""1","395.77""	816.415	414.442	76.511	15.384	121.272	840.031	126.916	151.282	""1","536.44""	947.437	589.001	""3","999.99""	939.392	""1","658.67""",,,,,,,,,,,,
"98年 6月	""17","063.82""	96.649	38.019	8.664	8.102	6.678	46.176	1.239	686.834	""1","423.38""	854.595	411.997	60.403	14.153	118.12	786.633	123.619	205.599	""1","567.00""	""1","011.37""	555.628	""4","037.15""	""1","028.15""	""1","804.27""",,,,,,,,,,
"98年 7月	""17","372.17""	106.918	32.367	7.863	6.451	5.679	44.396	2.971	777.914	""1","476.24""	871.037	444.835	55.926	15.316	119.377	782.22	117.141	123.447	""1","565.46""	976.827	588.636	""4","442.07""	919.765	""1","763.60""",,,,,,,,,,,,
"98年 8月	""19","127.88""	109.781	26.539	6.424	1.82	5.263	50.001	2.486	807.653	""1","563.47""	941.226	453.735	57.346	15.163	130.605	793.246	138.728	129.686	""1","751.49""	""1","086.99""	664.502	""4","927.05""	""1","023.85""	""1","826.11""",,,,,,,,,,
"98年 9月	""19","219.31""	106.71	24.909	4.45	2.394	6.247	47.39	2.335	750.622	""1","443.01""	814.096	454.169	65.73	15.126	128.499	802.184	139.943	144.636	""1","737.11""	""1","078.71""	658.398	""5","076.29""	""1","002.55""	""1","920.91""",,,,,,,,,,
"98年 10月	""19","975.73""	106.358	24.832	3.247	1.414	5.838	45.478	2.581	671.11	""1","521.87""	868.756	475.896	69.746	15.887	136.131	863.052	135.232	312.798	""1","842.07""	""1","178.92""	663.148	""5","161.48""	""1","124.50""	""2","231.00""",,,,,,,,,,
"98年 11月	""20","153.38""	110.81	26.82	3.639	2.046	7.458	51.326	1.864	816.042	""1","517.54""	908.049	430.68	69.299	16.443	138.174	833.376	120.967	266.036	""1","810.61""	""1","149.46""	661.151	""5","146.76""	""1","097.87""	""2","407.49""",,,,,,,,,,
"98年 12月	""20","156.35""	99.071	29.941	4.229	4.26	7.991	54.894	7.662	909.594	""1","572.71""	925.502	456.899	57.14	15.648	134.622	843.963	134.084	426.417	""1","840.58""	""1","149.21""	691.37	""4","898.87""	""1","245.93""	""2","301.83""",,,,,,,,,,
"99年 1月	""21","895.91""	113.943	33.756	6.208	4.907	8.403	57.876	1.295	946.169	""1","754.43""	""1","066.84""	494.965	61.804	15.84	147.442	828.074	146.671	296.173	""2","034.59""	""1","264.88""	769.714	""5","431.92""	""1","254.81""	""2","267.49""",,,,,,,,,
"99年 2月	""16","805.59""	100.248	26.31	6.241	3.978	6.114	33.173	1.045	756.396	""1","269.43""	736.659	379.725	42.232	11.451	99.722	595.384	111.98	128.935	""1","563.06""	997.373	565.69	""4","313.46""	""1","052.86""	""1","742.22""",,,,,,,,,,,
"99年 3月	""23","567.40""	133.734	36.483	8.502	4.284	7.182	55.66	2.428	""1","242.78""	""2","002.89""	""1","220.72""	554.238	82.238	16.77	159.486	""1","022.90""	164.718	191.912	""2","261.35""	""1","435.84""	825.513	""5","568.85""	""1","433.70""	""2","461.98""",,,,,,,
"99年 4月	""22","093.56""	116.026	32.968	9.297	4.069	6.854	57.054	3.792	963.151	""1","880.87""	""1","127.79""	542.725	84.532	17.099	147.156	988.996	145.74	158.694	""2","079.53""	""1","289.78""	789.745	""5","426.86""	""1","367.87""	""2","348.67""",,,,,,,,,
"99年 5月	""25","708.45""	137.489	40.693	9.674	5.215	7.697	64.853	3.519	""1","169.11""	""2","080.66""	""1","247.66""	596.596	99.521	19.396	165.986	""1","119.81""	172.009	383.815	""2","496.13""	""1","584.20""	911.925	""5","955.18""	""1","591.01""	""2","560.00""",,,,,,,
"99年 6月	""22","981.62""	112.236	44.369	7.892	11.765	5.672	57.025	3.488	947.205	""1","756.58""	988.967	542.953	78.751	16.495	157.338	952.833	166.783	432.548	""2","181.47""	""1","379.04""	802.431	""5","583.24""	""1","492.15""	""2","548.15""",,,,,,,,,,
"99年 7月	""24","140.12""	149.072	38.567	8.938	7.126	5.841	53.026	5.014	961.543	""1","865.50""	""1","080.83""	565.479	83.305	16.497	146.243	943.359	162.298	135.069	""2","176.09""	""1","343.60""	832.491	""6","029.95""	""1","625.74""	""2","593.86""",,,,,,,,,
"99年 8月	""24","321.28""	155.31	34.787	6.862	3.136	7.014	59.221	4.708	895.196	""2","020.57""	""1","175.45""	598.152	80.61	16.273	152.3	935.857	165.764	113.444	""2","272.70""	""1","426.65""	846.048	""6","175.51""	""1","678.72""	""2","675.86""",,,,,,,,,
"99年 9月	""22","671.11""	133.208	29.935	5.339	3.218	7.521	58.866	3.958	821.056	""1","753.77""	""1","027.31""	522.598	71.512	16.299	136.432	905.403	161.352	321.639	""2","114.98""	""1","346.01""	768.967	""6","172.99""	""1","468.30""	""2","649.47""",,,,,,,,,
"99年 10月	""24","468.76""	158.003	35.265	4.93	2.161	8.381	63.583	3.845	790.215	""1","964.34""	""1","194.12""	538.565	78.297	15.884	153.102	""1","016.56""	183.307	343.522	""2","268.54""	""1","462.29""	806.248	""6","506.53""	""1","653.97""	""3","024.89""",,,,,,,,
"99年 11月	""24","645.27""	132.982	31.891	4.382	2.339	8.899	68.871	6.255	968.456	""2","004.70""	""1","223.74""	543.06	77.336	17.101	158.752	""1","026.95""	180.236	263.226	""2","285.12""	""1","469.70""	815.416	""5","987.68""	""1","674.11""	""3","235.06""",,,,,,,,
"99年 12月	""24","053.01""	127.981	34.728	5.184	3.446	9.06	70.244	5.183	884.642	""1","980.02""	""1","173.93""	556.926	66.47	16.116	148.979	970.996	178.278	346.782	""2","260.87""	""1","420.78""	840.093	""5","939.34""	""1","680.87""	""3","097.69""",,,,,,,,,
"100年 1月	""25","608.80""	137.838	40.74	7.832	6.084	9.116	73.56	4.029	""1","109.60""	""2","055.95""	""1","217.69""	602.598	64.567	15.061	153.646	""1","026.06""	198.355	253.246	""2","509.64""	""1","595.94""	913.704	""6","461.94""	""1","715.53""	""2","926.05""",,,,,,,
"100年 2月	""21","496.23""	199.851	30.955	7.478	2.548	6.94	43.045	1.099	""1","308.04""	""1","856.88""	""1","181.35""	467.435	52.45	12.267	127.268	867.964	164.341	200.977	""1","962.14""	""1","258.24""	703.895	""5","342.98""	""1","358.18""	""2","360.70""",,,,,,,,
"100年 3月	""27","550.79""	184.32	47.449	11.666	4.706	10.051	75.333	4.929	""1","434.79""	""2","342.39""	""1","414.73""	626.683	86.04	16.629	156.607	""1","239.44""	204.913	495.218	""2","731.55""	""1","696.77""	""1","034.78""	""6","321.84""	""1","914.88""	""2","965.75""",,,,,,
"100年 4月	""27","610.14""	135.971	46.964	15.346	6.205	8.644	74.305	3.906	""1","398.95""	""2","287.71""	""1","380.36""	628.211	94.682	17.927	164.903	""1","197.05""	238.314	464.19	""2","664.68""	""1","686.49""	978.184	""6","656.88""	""1","926.46""	""3","161.82""",,,,,,,
"100年 5月	""28","178.99""	137.741	48.58	14.711	4.959	6.603	79.575	6.379	""1","307.03""	""2","286.02""	""1","323.00""	647.273	94.25	19.762	173.622	""1","157.49""	233.106	637.077	""2","744.32""	""1","749.38""	994.946	""6","538.25""	""2","036.40""	""3","354.63""",,,,,,,
"100年 6月	""25","453.53""	174.103	46.907	10.368	10.41	8.278	59.159	4.804	963.058	""2","015.28""	""1","132.79""	595.184	79.913	16.22	164.41	""1","018.51""	216.521	344.223	""2","446.61""	""1","566.50""	880.112	""6","041.09""	""1","840.70""	""3","240.38""",,,,,,,,
"100年 7月	""28","476.92""	173.838	50.73	10.048	11.201	8.659	60.389	6.572	""1","012.92""	""2","419.77""	""1","477.51""	630.464	75.746	17.655	168.892	""1","084.47""	256.948	397.656	""2","771.44""	""1","761.30""	""1","010.14""	""6","950.02""	""1","924.77""	""3","552.91""",,,,,,
"100年 8月	""26","149.33""	195.413	38.943	8.524	4.663	8.53	70.53	6.561	""1","068.57""	""2","150.58""	""1","253.00""	605.659	75.676	20.417	164.008	""1","037.64""	226.662	547.829	""2","690.59""	""1","713.41""	977.185	""6","374.45""	""1","961.60""	""3","043.67""",,,,,,,
"100年 9月	""24","982.94""	153.459	35.507	6.298	3.398	8.108	63.497	3.12	928.115	""1","936.56""	""1","096.86""	576.884	69.82	19.174	155.419	""1","031.01""	220.239	915.307	""2","457.10""	""1","573.86""	883.242	""6","343.24""	""1","737.00""	""2","882.01""",,,,,,,,
"100年 10月	""27","437.27""	154.337	39.07	6.668	2.431	9.208	77.923	6.649	""1","053.45""	""2","049.45""	""1","171.45""	591.27	91.244	19.012	172.647	""1","125.21""	221.271	451.085	""2","601.28""	""1","679.89""	921.398	""6","605.75""	""1","845.48""	""3","446.56""",,,,,,,
"100年 11月	""24","943.84""	174.631	35.145	6.035	3.295	14.032	76.841	9.438	956.787	""1","906.40""	""1","091.04""	557.855	72.685	19.578	158.464	979.283	215.82	343.385	""2","378.12""	""1","549.78""	828.345	""5","870.29""	""1","742.07""	""3","001.90""",,,,,,,,,
"100年 12月	""24","293.62""	167.879	43.564	6.796	6.399	9.81	83.817	6.67	910.479	""2","023.74""	""1","185.43""	557.458	66.25	18.618	151.246	950.706	221.243	306.462	""2","358.98""	""1","524.00""	834.977	""5","965.79""	""1","801.60""	""2","825.37""",,,,,,,,,
"101年 1月	""21","372.58""	186.066	39.688	7.723	8.482	9.229	64.286	4.856	""1","004.64""	""1","693.02""	929.462	511.643	56.499	15.94	130.349	878.782	216.778	239.187	""2","287.38""	""1","496.97""	790.412	""4","958.76""	""1","608.12""	""2","201.83""",,,,,,,,,
"101年 2月	""23","768.10""	165.432	41.469	9.215	4.071	9.667	64.537	6.357	""1","082.12""	""2","086.74""	""1","295.53""	525.456	64.286	14.607	162.865	958.961	225.433	273.404	""2","232.76""	""1","433.46""	799.302	""5","687.37""	""1","583.50""	""2","413.22""",,,,,,,,
"101年 3月	""26","738.11""	180.664	49.899	13.282	6.719	9.471	76.887	7.532	""1","308.76""	""2","220.65""	""1","322.13""	619.113	85.499	19.293	179.805	""1","127.74""	229.435	393.39	""2","537.31""	""1","639.13""	898.175	""6","383.89""	""1","778.12""	""2","809.23""",,,,,,,
"101年 4月	""25","877.14""	180.758	44.564	12.093	6.077	8.468	74.961	8.626	""1","043.79""	""2","103.84""	""1","205.44""	610.378	90.418	19.424	172.95	""1","089.52""	235.774	356.515	""2","505.88""	""1","584.47""	921.419	""6","279.36""	""1","840.46""	""2","798.56""",,,,,,,
"101年 5月	""26","439.61""	188.422	47.489	12.02	4.696	9.296	90.662	6.119	""1","005.31""	""2","135.41""	""1","217.77""	634.493	95.605	18.78	181.284	""1","042.43""	236.226	369.181	""2","553.42""	""1","602.42""	950.998	""6","377.93""	""1","971.94""	""2","735.67""",,,,,,,
"101年 6月	""24","749.64""	192.419	49.063	11.111	9.769	7.516	78.528	10.362	969.78	""1","952.69""	""1","083.26""	596.182	78.278	16.61	166.168	941.525	239.509	261.049	""2","281.98""	""1","467.80""	814.174	""6","251.11""	""1","848.16""	""2","605.49""",,,,,,,,,
"101年 7月	""25","223.41""	184.304	46.31	9.963	8.322	8.082	81.102	8.032	797.505	""2","105.96""	""1","216.91""	610.278	75.05	19.999	186.761	948.426	252.66	215.827	""2","435.57""	""1","550.14""	885.427	""6","461.18""	""1","956.08""	""2","695.40""",,,,,,,,,
"101年 8月	""25","045.06""	194.59	40.928	8.696	2.945	7.281	81.633	5.299	787.537	""1","958.68""	""1","108.78""	601.052	74.934	17.32	159.14	907.567	263.66	242.787	""2","230.75""	""1","352.37""	878.376	""6","492.73""	""1","781.63""	""2","497.21""",,,,,,,,,
"101年 9月	""27","511.42""	212.75	45.655	8.073	3.78	9.88	94.098	6.343	""1","033.40""	""2","047.11""	""1","142.12""	633.747	80.469	19.286	169.775	""1","015.36""	290.805	459.157	""2","404.34""	""1","505.36""	898.98	""7","011.31""	""1","853.39""	""2","572.02""",,,,,,,
"101年 10月	""26","883.81""	167.034	43.214	6.279	2.236	8.018	94.865	9.314	995.391	""2","082.35""	""1","167.73""	647.906	88.987	19.762	181.957	""1","064.85""	281.121	430.255	""2","427.88""	""1","506.68""	921.205	""6","527.59""	""1","830.93""	""2","615.22""",,,,,,,,
"101年 11月	""25","234.23""	191.918	38.304	7.052	2.788	8.588	90.204	7.46	908.813	""1","890.17""	""1","075.45""	592.113	81.678	18.907	164.967	906.695	233.383	279.56	""2","051.26""	""1","243.45""	807.81	""6","397.07""	""1","645.25""	""2","799.55""",,,,,,,,,
"101年 12月	""26","471.55""	171.851	48.117	7.919	5.452	11.541	98.922	6.434	""1","049.00""	""2","082.11""	""1","220.08""	611.332	77.217	16.116	158.269	961.825	243.622	428.655	""2","299.71""	""1","413.28""	886.43	""6","387.90""	""1","721.13""	""2","810.05""",,,,,,,,
"102年 1月	""26","025.29""	204.463	51.006	9.319	9.883	10.937	91.794	8.259	""1","090.42""	""2","074.96""	""1","231.56""	598.21	65.334	17.085	162.533	923.789	270.049	292.587	""2","479.50""	""1","573.83""	905.67	""6","210.92""	""1","667.19""	""2","406.39""",,,,,,,,
"102年 2月	""19","930.80""	149.367	36.307	8.69	6.413	6.388	52.109	2.922	""1","058.24""	""1","547.88""	916.848	430.741	46.785	12.481	122.722	685.934	200.629	191.351	""1","753.17""	""1","133.10""	620.068	""4","819.65""	""1","150.48""	""1","870.27""",,,,,,,,,
"102年 3月	""27","723.48""	174.106	54.048	13.284	8.444	9.455	96.424	5.863	""1","215.72""	""2","211.30""	""1","286.50""	648.508	93.507	17.861	177.203	""1","131.14""	264.926	194.004	""2","549.26""	""1","648.87""	900.394	""6","839.89""	""1","767.53""	""2","641.93""",,,,,,,
"102年 4月	""25","491.56""	165.384	49.625	10.505	8.163	8.838	94.197	8.24	899.22	""1","988.17""	""1","145.68""	592.271	89.808	19.094	156.416	""1","042.92""	233.919	168.673	""2","306.28""	""1","458.67""	847.611	""6","567.95""	""1","778.38""	""2","606.72""",,,,,,,,
"102年 5月	""27","104.46""	167.932	47.778	11.268	6.676	10.451	104.873	6.719	956.054	""2","267.88""	""1","377.44""	636.441	95.642	19.774	172.946	""1","049.65""	211.931	126.432	""2","429.42""	""1","546.12""	883.305	""7","182.93""	""1","822.13""	""2","913.52""",,,,,,,,
"102年 6月	""26","958.43""	192.626	53.456	10.111	11.941	19.609	98.517	8.614	""1","105.95""	""2","158.96""	""1","299.10""	612.417	86.783	19.723	169.891	999.16	206.227	146.042	""2","258.69""	""1","381.63""	877.061	""6","989.48""	""1","807.65""	""2","780.63""",,,,,,,,
"102年 7月	""25","802.96""	195.237	56.391	8.914	10.649	9.172	98.166	8.12	896.278	""2","168.49""	""1","287.30""	633.617	79.502	19.177	167.85	949.554	214.404	187.347	""2","331.45""	""1","450.64""	880.809	""6","737.48""	""1","898.53""	""2","630.99""",,,,,,,,,
"102年 8月	""25","997.28""	176.02	43.915	9.484	4.24	8.702	100.582	8.234	""1","110.33""	""2","124.25""	""1","273.86""	613.529	78.357	19.538	164.116	955.46	216.331	193.512	""2","349.37""	""1","454.40""	894.969	""6","962.64""	""1","801.10""	""2","558.91""",,,,,,,,
"102年 9月	""25","673.99""	184.395	38.984	6.208	3.848	7.934	97.223	7.556	""1","021.28""	""2","009.69""	""1","201.76""	580.902	78.258	18.351	155.42	974.614	210.588	166.609	""2","240.90""	""1","402.14""	838.761	""7","143.98""	""1","678.81""	""2","559.92""",,,,,,,,
"102年 10月	""27","141.51""	170.198	41.327	6.239	2.894	10.637	112.178	6.965	965.835	""2","176.51""	""1","291.25""	642.777	91.992	22.02	180.194	""1","088.16""	217.137	195.314	""2","479.17""	""1","565.97""	913.199	""7","074.67""	""1","868.75""	""2","806.37""",,,,,,,,
"102年 11月	""26","237.91""	149.129	42.864	6.328	4.769	7.545	121.222	6.657	""1","011.43""	""2","062.60""	""1","250.95""	601.13	87.697	20.85	165.799	968.077	213.139	239.734	""2","171.51""	""1","345.46""	826.05	""7","185.51""	""1","755.23""	""2","650.97""",,,,,,,,
"102年 12月	""26","777.98""	152.85	51.644	7.8	9.365	9.401	117.49	13.612	961.285	""2","184.67""	""1","327.65""	623.548	74.816	20.028	156.626	958.234	225.176	158.585	""2","399.44""	""1","485.75""	913.693	""6","880.26""	""1","990.01""	""2","646.34""",,,,,,,,,
"103年 1月	""24","745.87""	186.582	46.735	10.295	10.734	9.016	104.326	8.527	""1","151.24""	""1","895.15""	""1","087.23""	602.914	67.051	17.644	143.51	849.261	185.565	116.421	""2","432.60""	""1","572.30""	860.3	""6","694.53""	""1","621.53""	""2","338.58""",,,,,,,,
"103年 2月	""21","591.88""	162.097	39.405	9.236	4.815	8.474	67.884	6.648	993.394	""1","796.00""	""1","109.89""	487.159	57.518	14.595	129.844	789.964	185.508	226.008	""1","966.32""	""1","275.05""	691.271	""5","735.28""	""1","434.72""	""1","897.56""",,,,,,,,,
"103年 3月	""28","255.04""	224.274	59.674	12.038	9.408	10.454	118.057	7.883	""1","150.61""	""2","171.82""	""1","250.60""	659.188	103.745	19.143	170.867	""1","115.44""	235.53	319.19	""2","551.31""	""1","638.18""	913.129	""7","270.46""	""1","957.62""	""2","717.60""",,,,,,,
"103年 4月	""27","105.70""	177.845	50.976	10.571	9.827	10.044	120.722	13.487	""1","015.88""	""2","182.14""	""1","278.35""	656.61	106.785	18.617	168.295	""1","050.32""	223.667	267.844	""2","463.65""	""1","577.07""	886.584	""7","393.46""	""1","877.51""	""2","651.48""",,,,,,,
"103年 5月	""27","151.23""	182.6	48.986	12.021	6.32	9.313	123.612	10.948	""1","051.46""	""2","190.79""	""1","300.73""	661.355	103.201	21.024	169.714	""1","037.51""	226.004	165.545	""2","437.30""	""1","535.77""	901.53	""7","758.28""	""1","899.57""	""2","748.35""",,,,,,,
"103年 6月	""27","335.95""	196.328	61.108	10.905	12.115	8.245	107.902	7.161	""1","045.24""	""2","141.09""	""1","269.21""	634.196	93.718	19.587	168.613	985.631	259.331	169.557	""2","539.32""	""1","624.86""	914.458	""7","492.91""	""2","072.93""	""2","713.24""",,,,,,,,
"103年 7月	""27","269.26""	171.012	62.932	11.322	13.924	8.534	108.76	10.135	""1","076.85""	""2","133.06""	""1","256.03""	644.544	93.167	15.988	160.517	933.32	249.127	255.438	""2","515.32""	""1","601.69""	913.635	""7","706.23""	""1","910.54""	""2","410.27""",,,,,,,,
"103年 8月	""28","551.58""	172.923	52.702	9.289	7.225	9.368	111.267	11.056	""1","025.39""	""2","142.99""	""1","240.53""	662.214	103.141	20.127	169.839	998.106	240.781	168.558	""2","584.63""	""1","594.75""	989.884	""8","353.95""	""1","991.90""	""2","657.98""",,,,,,,,
"103年 9月	""26","833.37""	181.919	46.315	6.676	3.887	7.46	96.541	9.415	941.233	""1","823.43""	993.552	611.278	92.402	17.569	156.063	966.196	230.325	178.339	""2","401.83""	""1","524.77""	877.058	""8","029.55""	""1","755.90""	""2","675.32""",,,,,,,,,,
"103年 10月	""27","303.84""	162.062	45.942	7.637	2.426	6.574	105.796	7.675	795.593	""1","983.85""	""1","107.33""	652.537	94.787	18.777	168.163	""1","007.63""	223.316	150.037	""2","439.67""	""1","529.93""	909.734	""8","253.88""	""1","851.91""	""2","766.76""",,,,,,,,
"103年 11月	""27","205.13""	153.002	47.711	6.835	3.77	6.488	110.123	7.486	911.532	""1","973.40""	""1","124.02""	620.861	94.413	19.635	164.87	971.361	219.384	215.228	""2","379.20""	""1","484.32""	894.879	""7","897.74""	""1","870.76""	""2","822.19""",,,,,,,,,
"103年 12月	""26","064.45""	150.705	48.781	6.69	7.866	6.186	106.341	12.092	879.598	""1","924.13""	""1","072.31""	615.153	73.81	14.776	154.413	909.059	241.241	261.205	""2","407.98""	""1","498.08""	909.903	""7","572.61""	""2","005.09""	""2","606.96""",,,,,,,,,
"104年 1月	""25","433.46""	171.313	56.084	11.395	11.125	11.643	112.284	6.274	837.969	""1","909.28""	""1","074.23""	616.549	75.407	16.293	149.272	906.357	220.105	303.177	""2","454.39""	""1","516.00""	938.388	""7","558.21""	""1","882.31""	""2","577.57""",,,,,,,,,
"104年 2月	""20","091.72""	150.072	45.493	8.755	12.363	7.673	65.66	5.535	672.096	""1","388.48""	755.533	467.172	56.174	11.321	113.207	716.683	161.493	268.628	""1","824.68""	""1","138.18""	686.496	""6","056.38""	""1","450.08""	""2","102.18""",,,,,,,,,,
"104年 3月	""25","559.21""	193.267	61.895	11.127	12.921	6.553	98.487	10.776	950.083	""1","988.81""	""1","173.25""	588.485	89.936	17.571	152.058	""1","037.98""	203.777	221.124	""2","285.54""	""1","437.74""	847.806	""7","332.46""	""1","834.31""	""2","861.17""",,,,,,,,
"104年 4月	""23","786.26""	149.069	60.473	11.005	16.216	7.253	107.71	8.351	754.584	""1","828.70""	""1","051.39""	566.864	88.081	15.138	143.194	991.336	185.91	223.032	""2","150.30""	""1","348.39""	801.91	""7","137.30""	""1","738.13""	""2","685.84""",,,,,,,,,
"104年 5月	""25","931.33""	143.813	63.093	11.112	14.707	8.792	114.656	9.043	903.634	""2","024.91""	""1","155.47""	634.213	99.467	16.305	159.919	""1","056.07""	206.281	233.991	""2","354.11""	""1","406.96""	947.15	""7","344.06""	""2","044.29""	""2","669.59""",,,,,,,,
"104年 6月	""23","382.86""	163.892	62.299	9.856	19.187	8.02	100.556	12.072	748.553	""1","750.32""	986.567	548.051	74.629	14.337	147.969	895.446	193.095	157.317	""2","118.18""	""1","274.07""	844.11	""6","673.79""	""1","782.35""	""2","399.19""",,,,,,,,,,
"104年 7月	""23","802.53""	160.882	62.153	11.401	15.298	7.082	99.425	8.47	678.975	""1","777.73""	990.148	576.84	62.605	15.252	143.655	855.547	198.091	119.883	""2","227.79""	""1","333.74""	894.053	""7","531.14""	""1","706.95""	""2","484.76""",,,,,,,,,,
"104年 8月	""24","234.48""	127.211	57.41	9.589	6.874	6.952	100.446	8.25	705.029	""1","777.40""	969.78	586.073	68.237	15.701	153.108	918.105	200.059	134.579	""2","210.10""	""1","278.92""	931.179	""7","365.58""	""1","744.47""	""2","553.97""",,,,,,,,,,
"104年 9月	""22","910.03""	140.537	48.375	6.362	5.429	6.458	93.219	10.14	585.422	""1","620.81""	875.414	542.265	63.744	14.397	132.21	863.505	196.469	206.676	""2","006.28""	""1","181.68""	824.599	""7","213.96""	""1","551.13""	""2","472.52""",,,,,,,,,,
"104年 10月	""24","342.21""	163.052	49.307	6.831	2.171	6.981	104.983	5.791	653.34	""1","805.84""	""1","028.89""	570.772	65.517	14.033	142.053	933.016	189.783	204.853	""1","980.45""	""1","141.00""	839.453	""7","864.68""	""1","582.07""	""2","631.39""",,,,,,,,,
"104年 11月	""22","524.85""	148.443	56.916	6.259	4.666	7.451	108.63	8.418	627.986	""1","634.97""	906.018	530.172	59.937	16.198	142.755	838.453	204.436	178.617	""1","870.52""	""1","067.04""	803.477	""6","922.07""	""1","668.37""	""2","572.01""",,,,,,,,,,
"104年 12月	""22","435.04""	151.225	63.695	8.619	10.331	7.796	108.962	14.01	569.141	""1","621.86""	875.005	556.829	52.623	15.268	136.81	810.573	194.243	177.03	""1","989.83""	""1","174.72""	815.11	""6","912.77""	""1","647.33""	""2","467.86""",,,,,,,,,,
"105年 1月	""22","073.60""	144.56	65.9	9.536	14.839	7.194	110.117	7.919	572.323	""1","560.55""	822.739	544.769	48.016	14.409	131.091	802.873	192.092	126.102	""1","966.03""	""1","100.17""	865.862	""7","059.46""	""1","617.97""	""2","398.36""",,,,,,,,,,
"105年 2月	""17","631.05""	140.067	48.544	9.083	9.851	4.88	72.489	5.386	558.903	""1","267.06""	715.559	400.855	42.729	10.033	109.692	669.869	135.947	106.662	""1","533.25""	920.524	612.729	""5","711.14""	""1","260.55""	""1","888.73""",,,,,,,,,,,
"105年 3月	""22","632.04""	163.299	67.449	10.107	17.627	9.11	105.93	12.257	664.221	""1","742.47""	976.719	557.099	64.406	14.11	144.441	913.301	194.848	154.582	""1","977.49""	""1","176.91""	800.582	""7","233.84""	""1","705.87""	""2","317.46""",,,,,,,,,,
"105年 4月	""22","048.73""	142.256	62.029	11.52	17.158	6.826	105.819	10.113	682.17	""1","710.22""	965.278	544.805	68.455	13.94	140.77	936.093	189.055	97.853	""1","908.00""	""1","130.44""	777.552	""6","889.99""	""1","616.42""	""2","380.34""",,,,,,,,,,
"105年 5月	""23","509.81""	131.394	60.528	10.256	12.538	8.562	106.805	12.068	750.042	""1","684.37""	922.931	555.881	67.164	16.175	149.708	884.785	192.68	116.43	""2","096.53""	""1","261.72""	834.804	""7","226.76""	""1","804.85""	""2","521.04""",,,,,,,,,,
"105年 6月	""22","812.39""	146.009	62.743	10.806	11.107	7.44	101.622	12.745	637.147	""1","638.87""	906.534	540.632	54.029	15.643	137.879	780.424	178.945	100.568	""2","061.58""	""1","229.12""	832.456	""7","440.76""	""1","685.81""	""2","502.02""",,,,,,,,,,
"105年 7月	""24","044.58""	167.565	59.906	11.549	8.466	7.01	103.68	12.917	689.969	""1","747.56""	979.073	569.614	53.017	16.675	150.559	812.054	203.215	137.476	""2","139.26""	""1","238.59""	900.669	""7","953.97""	""1","762.71""	""2","604.21""",,,,,,,,,,
"105年 8月	""24","536.82""	148.509	54.498	8.029	4.378	6.721	100.696	11.296	668.151	""1","724.67""	949.244	572.912	55.716	16.088	154.15	851.352	203.2	113.015	""2","192.24""	""1","239.43""	952.816	""8","423.46""	""1","709.73""	""2","554.46""",,,,,,,,,,
"105年 9月	""22","491.21""	127.671	43.45	6.158	4.558	5.456	81.2	6.635	480.529	""1","460.03""	793.312	496.507	51.633	13.894	130.095	786.437	173.66	74.014	""1","924.89""	""1","133.79""	791.101	""8","422.93""	""1","395.14""	""2","487.16""",,,,,,,,,,
"105年 10月	""26","652.65""	150.256	52.414	6.512	2.548	9.708	117.336	10.595	736.58	""1","833.00""	""1","037.81""	581.726	63.373	16.63	160.563	923.835	218.512	131.419	""2","271.01""	""1","362.43""	908.584	""9","056.65""	""1","825.54""	""3","110.67""",,,,,,,,,
"105年 11月	""25","075.62""	152.179	44.169	5.742	2.726	9.578	112.872	8.948	679.674	""1","732.43""	988.429	544.135	51.674	15.48	150.786	792.652	198.635	89.543	""2","161.98""	""1","284.00""	877.978	""8","787.32""	""1","795.55""	""2","720.42""",,,,,,,,,,
"105年 12月	""25","666.16""	166.061	53.668	7.352	7.02	8.682	108.193	7.801	712.293	""1","818.57""	""1","045.15""	559.903	53.835	14.05	151.986	774.818	194.064	81.673	""2","296.68""	""1","341.70""	954.976	""8","591.45""	""1","864.04""	""2","695.72""",,,,,,,,,
"106年	""315","486.66""	""2","014.07""	690.346	110.984	110.209	96.695	""1","491.59""	104.757	""9","543.06""	""22","974.37""	""13","480.99""	""6","793.25""	643.154	194.066	""1","959.02""	""10","074.56""	""2","364.00""	""1","128.27""	""29","041.64""	""17","340.84""	""11","700.79""	""107","199.40""	""23","835.95""	""34","105.23"""
"106年 1月	""23","652.35""	163.745	50.769	10.716	10.297	9.399	93.828	5.276	842.124	""1","610.73""	879.523	536.893	44.821	12.92	137.531	746.852	195.594	85.259	""2","235.39""	""1","306.53""	928.864	""7","772.05""	""1","775.98""	""2","458.05""",,,,,,,,,,
"106年 2月	""22","541.45""	162.552	47.4	9.343	7.67	7.667	86.435	5.108	816.846	""1","794.43""	""1","117.58""	468.227	43.828	10.877	137.645	709.749	185.575	95.456	""2","075.93""	""1","282.13""	793.807	""7","400.77""	""1","562.78""	""2","390.76""",,,,,,,,,
"106年 3月	""25","531.47""	175.126	60.388	11.894	12.594	8.816	112.527	8.325	748.532	""1","892.41""	""1","078.86""	571.291	65.795	13.944	158.167	916.097	192.525	63.88	""2","373.84""	""1","434.72""	939.126	""8","679.45""	""1","748.61""	""2","807.95""",,,,,,,,,
"106年 4月	""24","125.46""	124.426	61.208	10.325	16.186	6.046	113.238	11.95	746.69	""1","829.10""	""1","051.18""	555.803	62.869	15.12	152.198	916.165	183.699	74.771	""2","274.50""	""1","341.74""	932.756	""7","621.88""	""1","955.49""	""2","686.75""",,,,,,,,,
"106年 5月	""25","322.28""	145.886	65.181	10.333	14.04	8.101	123.258	6.654	741.827	""1","957.76""	""1","121.80""	595.925	61.535	20.82	160.192	893.451	196.872	83.584	""2","575.44""	""1","590.20""	985.239	""7","769.15""	""1","995.27""	""2","674.67""",,,,,,,,,
"106年 6月	""25","679.98""	199.532	62.759	9.577	10.227	7.49	110.326	6.531	729.449	""1","857.33""	""1","093.56""	548.045	54.346	16.276	149.179	801.833	197.511	70.493	""2","257.17""	""1","322.78""	934.389	""8","888.31""	""1","891.56""	""2","933.20""",,,,,,,,,
"106年 7月	""26","939.17""	168.384	71.329	10.296	13.684	8.175	136.454	11.528	831.663	""1","927.66""	""1","120.90""	572.23	55.969	17.547	165.163	817.476	204.455	78.258	""2","576.86""	""1","521.73""	""1","055.13""	""8","704.46""	""2","121.52""	""3","008.08""",,,,,,,,
"106年 8月	""27","616.65""	159.764	57.401	9.263	4.695	6.681	141.762	8.818	799.768	""2","003.44""	""1","169.20""	604.094	55.538	17.516	171.848	855.799	194.675	108.189	""2","532.96""	""1","490.13""	""1","042.83""	""9","637.07""	""2","135.01""	""2","886.74""",,,,,,,,
"106年 9月	""28","714.84""	180.992	61.906	8.256	6.72	8.185	147.158	8.894	778.337	""1","946.67""	""1","115.41""	597.397	53.583	17.919	170.216	890.31	214.679	128.6	""2","582.24""	""1","511.16""	""1","071.08""	""10","168.90""	""2","124.66""	""3","090.24""",,,,,,,,
"106年 10月	""27","396.20""	166.632	44.584	6.161	2.553	6.942	132.499	10.042	771.423	""1","958.44""	""1","181.68""	566.188	47.998	15.603	186.506	842.499	189.898	114.832	""2","352.54""	""1","406.47""	946.062	""10","012.43""	""2","071.72""	""2","928.68""",,,,,,,,,
"106年 11月	""28","589.47""	174.373	51.964	6.904	4.008	9.654	148.997	7.177	843.349	""2","086.36""	""1","274.58""	582.491	49.405	18.849	190.17	823.777	195.382	112.129	""2","537.24""	""1","539.07""	998.169	""10","194.71""	""2","170.05""	""3","089.27""",,,,,,,,,
"106年 12月	""29","377.35""	192.655	55.457	7.916	7.535	9.539	145.106	14.454	893.051	""2","110.04""	""1","276.72""	594.666	47.467	16.675	180.203	860.548	213.13	112.814	""2","667.53""	""1","594.19""	""1","073.34""	""10","350.25""	""2","283.30""	""3","150.86""",,,,,,,,
"107年 1月	""27","261.43""	167.866	62.206	11.592	15.752	8.949	145.131	6.91	928.082	""2","172.39""	""1","336.47""	602.119	48.402	15.326	171.973	826.585	209.717	113.579	""2","721.94""	""1","647.82""	""1","074.13""	""8","677.13""	""2","110.06""	""2","710.63""",,,,,,,,
"107年 2月	""22","169.53""	179.506	52.173	10.327	11.907	6.428	93.582	6.093	904.385	""1","692.90""	""1","044.69""	463.514	37.367	12.111	141.642	636.227	183.178	84.129	""2","137.39""	""1","326.85""	810.546	""7","000.19""	""1","609.91""	""2","383.91""",,,,,,,,,
"107年 3月	""29","792.85""	226.625	81.832	17.389	16.976	8.451	145.718	11.988	""1","105.98""	""2","211.11""	""1","376.56""	592.697	56.695	13.447	190.989	950.413	229.891	98.438	""2","808.88""	""1","714.32""	""1","094.56""	""10","543.82""	""2","246.55""	""2","901.04""",,,,,,,
"107年 4月	""26","549.31""	152.726	70.915	10.769	22.096	7.173	137.706	11.399	955.523	""2","119.40""	""1","309.60""	578.872	56.229	14.253	177.723	903.583	206.92	116.976	""2","564.31""	""1","550.97""	""1","013.34""	""8","543.40""	""2","098.43""	""2","625.30""",,,,,,,,
"107年 5月	""28","944.22""	171.445	69.044	10.411	15.178	8.038	166.567	13.191	912.545	""2","331.96""	""1","448.31""	637.324	58.152	17.826	190.163	910.934	211.372	151.466	""3","021.36""	""1","777.10""	""1","244.26""	""9","000.49""	""2","389.43""	""2","900.09""",,,,,,,,
"107年 6月	""28","110.12""	193.402	75.467	11.991	18.329	7.099	148.402	13.581	996.088	""2","193.42""	""1","329.02""	609.342	53.771	14.844	179.212	860.583	209.333	164.222	""2","778.98""	""1","599.23""	""1","179.75""	""8","740.12""	""2","263.21""	""2","940.32""",,,,,,,,
"107年 7月	""28","217.57""	186.254	72.159	11.858	11.637	7.344	140.65	11.066	905.305	""2","153.35""	""1","296.15""	614.294	49.328	15.839	192.73	803.596	199.676	128.904	""2","809.36""	""1","660.02""	""1","149.34""	""9","331.76""	""2","242.91""	""2","934.38""",,,,,,,,
"107年 8月	""28","021.80""	164.397	55.898	8.341	4.159	6.747	144.528	10.91	862.075	""2","110.30""	""1","248.91""	618.89	47.32	16.849	181.49	818.248	184.392	102.261	""2","438.74""	""1","427.67""	""1","011.07""	""9","754.15""	""2","059.10""	""2","894.73""",,,,,,,,
"107年 9月	""29","467.17""	181.314	66.118	8.178	6.861	7.547	156.446	14.245	""1","045.85""	""2","094.25""	""1","224.50""	618.097	50.099	14.409	187.02	896.438	216.828	120.914	""2","729.24""	""1","700.08""	""1","029.16""	""10","119.85""	""2","167.91""	""3","048.12""",,,,,,,
"107年 10月	""29","424.04""	182.129	55.586	7.291	3.622	9.252	163.449	8.92	""1","095.34""	""2","182.05""	""1","313.26""	625.457	46.007	16.283	186.412	864.785	206.429	126.31	""2","682.31""	""1","604.53""	""1","077.78""	""10","112.10""	""2","159.04""	""3","177.95""",,,,,,,
"107年 11月	""27","681.84""	178.11	55.428	7.483	4.633	13.196	156.543	12.039	905.869	""1","967.51""	""1","163.49""	585.039	38.966	15.455	182.228	771.719	182.428	87.918	""2","368.73""	""1","435.26""	933.473	""9","616.39""	""1","966.89""	""3","275.46""",,,,,,,,,
"107年 12月	""28","367.47""	183.559	67.217	7.796	10.191	8.928	161.279	17.746	889.633	""2","047.84""	""1","201.27""	601.671	50.168	13.122	172.082	831.858	204.142	97.582	""2","526.69""	""1","566.62""	960.075	""9","328.70""	""2","255.71""	""3","531.47""",,,,,,,,,
"108年 1月	""27","121.49""	180.608	77.023	9.892	22.232	7.511	146.975	17.787	900.148	""1","887.74""	""1","058.67""	601.357	42.534	12.593	152.86	740.769	197.999	162.021	""2","522.64""	""1","543.78""	978.868	""8","760.52""	""2","099.42""	""3","295.04""",,,,,,,,,
"108年 2月	""20","319.55""	137.383	53.873	7.459	15.553	5.188	90.755	7.016	735.811	""1","559.38""	958.078	427.423	34.963	10.005	134.654	621.68	147.277	54.841	""1","762.88""	""1","081.31""	681.571	""6","418.73""	""1","500.99""	""2","618.63""",,,,,,,,,,
"108年 3月	""28","479.97""	184.38	90.016	12.349	29	8.082	168.998	9.762	984.022	""2","126.49""	""1","245.32""	611.92	55.085	12.935	181.964	909.214	202.185	115.182	""2","602.23""	""1","615.06""	987.176	""9","142.01""	""2","190.13""	""3","564.25""",,,,,,,,,
"108年 4月	""25","567.97""	164.385	82.162	9.692	30.694	6.284	158.315	12.202	765.948	""1","897.60""	""1","115.49""	556.966	48.187	13.324	163.582	829.836	175.287	102.938	""2","304.60""	""1","430.17""	874.434	""8","114.64""	""1","934.20""	""3","071.62""",,,,,,,,,
"108年 5月	""27","558.09""	165.546	81.481	10.612	24.966	6.94	161.132	11.34	692.466	""2","005.25""	""1","177.22""	596.619	51.649	14.022	182.448	822.665	186.674	92.728	""2","417.28""	""1","446.18""	971.097	""9","045.72""	""2","069.48""	""3","566.40""",,,,,,,,,
"108年 6月	""28","217.14""	176.521	81.099	10.922	18.43	8.35	171.293	11.8	746.133	""1","971.27""	""1","125.97""	597.435	52.824	13.752	175.83	775.987	207.568	145.627	""2","505.09""	""1","503.13""	""1","001.96""	""9","026.09""	""2","090.00""	""3","535.11""",,,,,,,,
"108年 7月	""28","120.83""	184.626	72.065	10.995	12.139	7.61	165.358	9.701	761.005	""1","935.43""	""1","096.72""	602.924	46.789	14.839	165.748	719.893	184.019	152.368	""2","318.41""	""1","397.07""	921.343	""9","501.25""	""2","059.75""	""3","687.35""",,,,,,,,,
"108年 8月	""28","790.19""	162.993	62.95	9.126	6.878	7.008	155.735	6.325	669.006	""1","878.15""	""1","052.43""	595.877	44.991	15.404	169.237	757.166	183.243	182.23	""2","307.27""	""1","379.83""	927.447	""10","483.42""	""1","906.87""	""3","803.79""",,,,,,,,,
"108年 9月	""28","103.45""	190.022	59.112	8.353	6.11	10.961	155.105	9.871	674.664	""1","752.21""	960.207	570.52	48.727	12.683	166.116	772.342	188.944	134.481	""2","263.72""	""1","316.44""	947.273	""10","367.36""	""1","809.01""	""3","613.12""",,,,,,,,,,
"108年 10月	""28","992.59""	167.221	54.357	7.285	3.411	8.174	167.442	10.331	637.07	""1","870.54""	""1","053.90""	590.694	48.564	14.713	186.392	780.029	179.381	90.221	""2","322.02""	""1","298.56""	""1","023.46""	""10","649.86""	""1","901.25""	""3","837.68""",,,,,,,,
