國民所得統計常用資料,,,,,,,,,,,,,,,,,,,,,,,,,,,,,,,,,
,"期中
人口",平均匯率,"經濟
成長","名目國內生產
毛額(GDP)",,,,"名目國民所得
毛額(GNI)",,,,"名目國民所得
(NI)",,,,,,,,,,,,,,,,,,,,,
,,,,,,"平均每人
GDP",,,,"平均每人
GNI",,,,"平均每人
所　得",,,,,,,,,,,,,,,,,,,
,人,元/美元,％,百萬元,百萬美元,元,美元,百萬元,百萬美元,元,美元,百萬元,百萬美元,元,美元,,,,,,,,,,,,,,,,,,
40年,"7,758,202",10.30,－,"12,327","1,197","1,589",154,"12,320","1,196","1,588",154,"12,276","1,192","1,582",154,,,,,,,,,,,,,,,,,,
41年,"8,046,915",10.30,12.00,"17,275","1,677","2,147",208,"17,271","1,677","2,146",208,"17,119","1,662","2,127",207,,,,,,,,,,,,,,,,,,
42年,"8,333,009",15.55,9.49,"23,036","1,481","2,764",178,"23,032","1,481","2,764",178,"22,712","1,461","2,726",175,,,,,,,,,,,,,,,,,,
43年,"8,645,264",15.55,9.64,"25,315","1,628","2,928",188,"25,311","1,628","2,928",188,"24,759","1,592","2,864",184,,,,,,,,,,,,,,,,,,
44年,"8,967,001",15.55,7.72,"30,163","1,940","3,364",216,"30,160","1,940","3,363",216,"29,326","1,886","3,270",210,,,,,,,,,,,,,,,,,,
45年,"9,289,545",24.78,6.17,"34,672","1,399","3,732",151,"34,665","1,399","3,732",151,"33,546","1,354","3,611",146,,,,,,,,,,,,,,,,,,
46年,"9,597,690",24.78,7.81,"40,549","1,636","4,225",170,"40,494","1,634","4,219",170,"38,965","1,572","4,060",164,,,,,,,,,,,,,,,,,,
47年,"9,920,227",24.78,7.68,"45,498","1,836","4,586",185,"45,317","1,829","4,568",184,"43,409","1,752","4,376",177,,,,,,,,,,,,,,,,,,
48年,"10,288,327",36.38,8.81,"52,526","1,444","5,105",140,"52,370","1,440","5,090",140,"49,984","1,374","4,858",134,,,,,,,,,,,,,,,,,,
49年,"10,667,705",36.38,7.20,"63,398","1,743","5,943",163,"63,371","1,742","5,940",163,"60,483","1,663","5,670",156,,,,,,,,,,,,,,,,,,
50年,"11,030,385",40.00,7.05,"71,128","1,778","6,448",161,"71,045","1,776","6,441",161,"67,549","1,689","6,124",153,,,,,,,,,,,,,,,,,,
  Ⅰ,"10,895,610",40.00,－,"17,545",439,"1,610",40,"17,524",438,"1,609",40,－,－,－,－,,,,,,,,,,,,,,,,,,
  Ⅱ,"10,985,460",40.00,－,"17,270",432,"1,572",39,"17,249",431,"1,571",39,－,－,－,－,,,,,,,,,,,,,,,,,,
  Ⅲ,"11,075,310",40.00,－,"16,214",405,"1,464",37,"16,194",405,"1,463",37,－,－,－,－,,,,,,,,,,,,,,,,,,
  Ⅳ,"11,165,159",40.00,－,"20,099",502,"1,802",45,"20,078",502,"1,798",45,－,－,－,－,,,,,,,,,,,,,,,,,,
51年,"11,392,513",40.00,8.93,"78,412","1,960","6,883",172,"78,302","1,958","6,873",172,"74,227","1,856","6,515",163,,,,,,,,,,,,,,,,,,
  Ⅰ,"11,255,692",40.00,8.87,"18,729",468,"1,665",42,"18,701",468,"1,662",42,－,－,－,－,,,,,,,,,,,,,,,,,,
  Ⅱ,"11,346,906",40.00,9.11,"19,149",479,"1,689",42,"19,122",478,"1,686",42,－,－,－,－,,,,,,,,,,,,,,,,,,
  Ⅲ,"11,438,121",40.00,12.39,"18,535",463,"1,621",41,"18,508",463,"1,619",40,－,－,－,－,,,,,,,,,,,,,,,,,,
  Ⅳ,"11,529,335",40.00,6.05,"21,999",550,"1,908",47,"21,971",549,"1,906",48,－,－,－,－,,,,,,,,,,,,,,,,,,
52年,"11,762,101",40.00,10.74,"88,740","2,219","7,545",189,"88,627","2,216","7,535",188,"84,170","2,104","7,156",179,,,,,,,,,,,,,,,,,,
  Ⅰ,"11,621,732",40.00,14.39,"21,915",548,"1,887",47,"21,886",547,"1,883",47,－,－,－,－,,,,,,,,,,,,,,,,,,
  Ⅱ,"11,715,312",40.00,10.91,"21,580",540,"1,842",46,"21,551",539,"1,840",46,－,－,－,－,,,,,,,,,,,,,,,,,,
  Ⅲ,"11,808,891",40.00,7.35,"20,498",512,"1,736",43,"20,470",512,"1,733",43,－,－,－,－,,,,,,,,,,,,,,,,,,
  Ⅳ,"11,902,471",40.00,10.33,"24,747",619,"2,080",53,"24,720",618,"2,079",52,－,－,－,－,,,,,,,,,,,,,,,,,,
53年,"12,137,143",40.00,12.63,"103,673","2,592","8,542",214,"103,689","2,592","8,543",214,"98,520","2,463","8,117",203,,,,,,,,,,,,,,,,,,
  Ⅰ,"11,996,231",40.00,12.94,"26,285",657,"2,191",55,"26,266",657,"2,190",55,－,－,－,－,,,,,,,,,,,,,,,,,,
  Ⅱ,"12,090,172",40.00,13.96,"25,539",638,"2,112",53,"25,536",638,"2,112",53,－,－,－,－,,,,,,,,,,,,,,,,,,
  Ⅲ,"12,184,114",40.00,13.40,"23,734",593,"1,948",49,"23,742",594,"1,949",49,－,－,－,－,,,,,,,,,,,,,,,,,,
  Ⅳ,"12,278,055",40.00,10.57,"28,115",704,"2,291",57,"28,145",703,"2,292",57,－,－,－,－,,,,,,,,,,,,,,,,,,
54年,"12,511,863",40.00,11.89,"114,771","2,869","9,173",229,"114,577","2,864","9,157",229,"108,626","2,716","8,682",217,,,,,,,,,,,,,,,,,,
  Ⅰ,"12,371,735",40.00,10.32,"28,202",705,"2,280",57,"28,154",704,"2,276",57,－,－,－,－,,,,,,,,,,,,,,,,,,
  Ⅱ,"12,465,154",40.00,11.48,"28,599",715,"2,294",57,"28,550",714,"2,290",57,－,－,－,－,,,,,,,,,,,,,,,,,,
  Ⅲ,"12,558,572",40.00,12.91,"26,824",671,"2,136",53,"26,775",669,"2,132",53,－,－,－,－,,,,,,,,,,,,,,,,,,
  Ⅳ,"12,651,991",40.00,12.81,"31,146",778,"2,463",62,"31,098",777,"2,459",62,－,－,－,－,,,,,,,,,,,,,,,,,,
55年,"12,874,153",40.00,9.63,"128,282","3,207","9,964",249,"128,185","3,205","9,957",249,"121,282","3,032","9,421",236,,,,,,,,,,,,,,,,,,
  Ⅰ,"12,742,563",40.00,6.62,"30,409",760,"2,387",60,"30,398",760,"2,387",60,"28,847",721,"2,265",57,,,,,,,,,,,,,,,,,,
  Ⅱ,"12,830,290",40.00,9.84,"31,381",785,"2,447",61,"31,364",784,"2,446",61,"29,714",743,"2,317",58,,,,,,,,,,,,,,,,,,
  Ⅲ,"12,918,016",40.00,13.30,"30,925",773,"2,395",60,"30,903",773,"2,393",60,"29,089",727,"2,253",56,,,,,,,,,,,,,,,,,,
  Ⅳ,"13,005,742",40.00,9.01,"35,567",889,"2,735",68,"35,520",888,"2,731",68,"33,632",841,"2,586",65,,,,,,,,,,,,,,,,,,
56年,"13,210,344",40.00,11.15,"148,360","3,709","11,231",281,"148,037","3,701","11,206",280,"139,680","3,492","10,574",264,,,,,,,,,,,,,,,,,,
  Ⅰ,"13,089,790",40.00,12.30,"35,265",882,"2,695",67,"35,197",880,"2,690",67,"33,297",832,"2,545",64,,,,,,,,,,,,,,,,,,
  Ⅱ,"13,170,160",40.00,10.49,"35,665",892,"2,709",68,"35,582",890,"2,703",68,"33,552",839,"2,549",64,,,,,,,,,,,,,,,,,,
  Ⅲ,"13,250,529",40.00,8.95,"36,030",901,"2,720",68,"35,950",899,"2,714",68,"33,784",845,"2,551",64,,,,,,,,,,,,,,,,,,
  Ⅳ,"13,330,899",40.00,12.68,"41,400","1,034","3,107",78,"41,308","1,032","3,099",77,"39,047",976,"2,929",72,,,,,,,,,,,,,,,,,,
57年,"13,548,537",40.00,9.71,"173,026","4,326","12,771",319,"172,568","4,314","12,737",318,"162,303","4,058","11,979",299,,,,,,,,,,,,,,,,,,
  Ⅰ,"13,415,447",40.00,8.44,"39,995","1,000","2,983",75,"39,910",998,"2,976",74,"37,582",940,"2,802",70,,,,,,,,,,,,,,,,,,
  Ⅱ,"13,504,174",40.00,9.02,"41,599","1,040","3,082",77,"41,539","1,038","3,077",77,"39,079",977,"2,895",72,,,,,,,,,,,,,,,,,,
  Ⅲ,"13,592,901",40.00,12.88,"43,049","1,076","3,169",79,"42,949","1,074","3,161",79,"40,271","1,007","2,964",74,,,,,,,,,,,,,,,,,,
  Ⅳ,"13,681,628",40.00,8.72,"48,383","1,210","3,537",88,"48,170","1,204","3,523",88,"45,371","1,134","3,318",83,,,,,,,,,,,,,,,,,,
58年,"14,068,984",40.00,9.59,"200,707","5,018","14,266",357,"200,460","5,012","14,248",356,"187,720","4,693","13,343",334,,,,,,,,,,,,,,,,,,
  Ⅰ,"13,811,739",40.00,11.56,"47,921","1,198","3,472",87,"47,847","1,196","3,465",87,"44,910","1,123","3,253",81,,,,,,,,,,,,,,,,,,
  Ⅱ,"13,983,236",40.00,9.98,"48,737","1,218","3,487",87,"48,665","1,217","3,481",87,"45,563","1,139","3,259",81,,,,,,,,,,,,,,,,,,
  Ⅲ,"14,154,732",40.00,9.90,"49,360","1,234","3,489",87,"49,325","1,233","3,486",87,"46,062","1,152","3,255",81,,,,,,,,,,,,,,,,,,
  Ⅳ,"14,326,228",40.00,7.27,"54,689","1,368","3,818",96,"54,623","1,366","3,816",95,"51,185","1,279","3,576",91,,,,,,,,,,,,,,,,,,
59年,"14,582,944",40.00,11.51,"231,427","5,786","15,870",397,"231,015","5,775","15,841",396,"216,219","5,405","14,827",371,,,,,,,,,,,,,,,,,,
  Ⅰ,"14,456,789",40.00,8.07,"53,504","1,338","3,701",93,"53,479","1,337","3,699",92,"50,103","1,253","3,466",87,,,,,,,,,,,,,,,,,,
  Ⅱ,"14,539,891",40.00,13.14,"57,206","1,430","3,934",98,"57,084","1,427","3,926",98,"53,497","1,337","3,679",92,,,,,,,,,,,,,,,,,,
  Ⅲ,"14,615,985",40.00,11.32,"57,392","1,435","3,927",98,"57,406","1,435","3,928",98,"53,606","1,340","3,668",92,,,,,,,,,,,,,,,,,,
  Ⅳ,"14,704,093",40.00,13.32,"63,325","1,583","4,308",108,"63,046","1,576","4,288",108,"59,013","1,475","4,014",100,,,,,,,,,,,,,,,,,,
60年,"14,913,564",40.00,13.43,"269,114","6,728","18,045",451,"268,992","6,725","18,037",451,"251,214","6,280","16,845",421,,,,,,,,,,,,,,,,,,
  Ⅰ,"14,795,178",40.00,13.58,"62,998","1,575","4,258",106,"63,017","1,575","4,260",106,"58,933","1,473","3,984",100,,,,,,,,,,,,,,,,,,
  Ⅱ,"14,874,437",40.00,16.26,"67,093","1,677","4,512",113,"66,951","1,674","4,502",113,"62,688","1,567","4,215",105,,,,,,,,,,,,,,,,,,
  Ⅲ,"14,947,675",40.00,14.54,"66,623","1,666","4,457",111,"66,565","1,664","4,454",111,"62,052","1,551","4,152",104,,,,,,,,,,,,,,,,,,
  Ⅳ,"15,028,940",40.00,9.76,"72,400","1,810","4,818",121,"72,459","1,812","4,821",121,"67,541","1,689","4,494",112,,,,,,,,,,,,,,,,,,
61年,"15,220,495",40.00,13.87,"322,536","8,063","21,191",530,"322,604","8,065","21,195",530,"299,947","7,499","19,707",493,,,,,,,,,,,,,,,,,,
  Ⅰ,"15,109,925",40.00,14.41,"75,626","1,891","5,004",125,"75,366","1,884","4,987",125,"70,188","1,755","4,644",116,,,,,,,,,,,,,,,,,,
  Ⅱ,"15,177,272",40.00,14.02,"80,497","2,012","5,303",133,"80,563","2,014","5,307",133,"75,153","1,879","4,951",124,,,,,,,,,,,,,,,,,,
  Ⅲ,"15,243,614",40.00,12.29,"80,079","2,002","5,252",131,"79,958","1,999","5,244",131,"74,159","1,854","4,864",122,,,,,,,,,,,,,,,,,,
  Ⅳ,"15,323,024",40.00,14.73,"86,334","2,158","5,632",141,"86,717","2,168","5,657",141,"80,447","2,011","5,248",131,,,,,,,,,,,,,,,,,,
62年,"15,505,121",38.25,12.83,"418,495","10,941","26,991",706,"418,379","10,938","26,983",705,"385,840","10,087","24,885",651,,,,,,,,,,,,,,,,,,
  Ⅰ,"15,398,584",39.00,14.36,"92,374","2,367","6,001",154,"92,409","2,367","6,003",154,"85,654","2,194","5,564",143,,,,,,,,,,,,,,,,,,
  Ⅱ,"15,466,929",38.00,10.46,"98,004","2,577","6,338",167,"97,984","2,577","6,337",167,"90,552","2,381","5,857",154,,,,,,,,,,,,,,,,,,
  Ⅲ,"15,537,283",38.00,14.93,"105,494","2,773","6,793",179,"105,138","2,764","6,769",178,"96,495","2,537","6,213",163,,,,,,,,,,,,,,,,,,
  Ⅳ,"15,608,643",38.00,11.80,"122,623","3,224","7,859",206,"122,848","3,230","7,874",206,"113,139","2,975","7,251",191,,,,,,,,,,,,,,,,,,
63年,"15,784,817",38.00,2.67,"560,129","14,740","35,485",934,"559,952","14,736","35,474",934,"508,358","13,378","32,206",848,,,,,,,,,,,,,,,,,,
  Ⅰ,"15,676,296",38.00,7.01,"138,058","3,633","8,805",232,"138,229","3,638","8,816",232,"125,926","3,314","8,031",211,,,,,,,,,,,,,,,,,,
  Ⅱ,"15,744,624",38.00,3.47,"142,849","3,759","9,071",239,"142,329","3,746","9,038",238,"129,535","3,409","8,225",217,,,,,,,,,,,,,,,,,,
  Ⅲ,"15,812,952",38.00,0.11,"137,738","3,625","8,708",229,"137,527","3,619","8,695",229,"124,349","3,272","7,862",207,,,,,,,,,,,,,,,,,,
  Ⅳ,"15,889,319",38.00,0.36,"141,484","3,723","8,901",234,"141,867","3,733","8,925",235,"128,548","3,383","8,088",213,,,,,,,,,,,,,,,,,,
64年,"16,075,128",38.00,6.19,"601,827","15,838","37,438",985,"598,483","15,750","37,230",980,"538,409","14,169","33,493",881,,,,,,,,,,,,,,,,,,
  Ⅰ,"15,967,632",38.00,-2.81,"139,697","3,676","8,749",230,"139,315","3,666","8,725",230,"124,593","3,279","7,803",205,,,,,,,,,,,,,,,,,,
  Ⅱ,"16,036,952",38.00,4.50,"147,769","3,889","9,214",242,"147,027","3,869","9,168",241,"132,374","3,484","8,254",217,,,,,,,,,,,,,,,,,,
  Ⅲ,"16,101,248",38.00,10.67,"151,956","3,999","9,438",248,"150,615","3,964","9,354",246,"135,333","3,561","8,405",221,,,,,,,,,,,,,,,,,,
  Ⅳ,"16,180,614",38.00,12.34,"162,405","4,274","10,037",265,"161,526","4,251","9,983",263,"146,109","3,845","9,031",238,,,,,,,,,,,,,,,,,,
65年,"16,401,413",38.00,14.28,"721,583","18,989","43,995","1,158","716,567","18,857","43,689","1,150","645,348","16,983","39,347","1,035",,,,,,,,,,,,,,,,,,
  Ⅰ,"16,256,774",38.00,15.96,"168,312","4,429","10,342",272,"167,297","4,403","10,281",271,"150,517","3,961","9,250",243,,,,,,,,,,,,,,,,,,
  Ⅱ,"16,328,089",38.00,14.29,"177,474","4,670","10,858",286,"175,780","4,626","10,754",283,"158,535","4,172","9,699",255,,,,,,,,,,,,,,,,,,
  Ⅲ,"16,414,471",38.00,12.83,"181,952","4,788","11,074",292,"180,921","4,761","11,011",290,"162,603","4,279","9,896",260,,,,,,,,,,,,,,,,,,
  Ⅳ,"16,521,945",38.00,14.21,"193,845","5,102","11,721",308,"192,569","5,067","11,643",306,"173,693","4,571","10,502",277,,,,,,,,,,,,,,,,,,
66年,"16,730,895",38.00,11.41,"845,657","22,254","50,545","1,330","840,533","22,119","50,238","1,322","757,095","19,924","45,251","1,191",,,,,,,,,,,,,,,,,,
  Ⅰ,"16,615,413",38.00,11.98,"194,267","5,112","11,694",308,"193,971","5,105","11,675",307,"173,715","4,571","10,456",275,,,,,,,,,,,,,,,,,,
  Ⅱ,"16,688,719",38.00,13.97,"209,546","5,514","12,558",330,"207,510","5,461","12,435",327,"187,154","4,925","11,215",295,,,,,,,,,,,,,,,,,,
  Ⅲ,"16,765,038",38.00,9.19,"211,207","5,558","12,600",332,"210,454","5,538","12,554",330,"189,332","4,982","11,294",297,,,,,,,,,,,,,,,,,,
  Ⅳ,"16,844,369",38.00,10.64,"230,637","6,070","13,693",360,"228,598","6,015","13,574",358,"206,894","5,446","12,286",324,,,,,,,,,,,,,,,,,,
67年,"17,042,272",36.95,13.56,"1,011,501","27,375","59,352","1,606","1,009,170","27,312","59,216","1,603","913,778","24,730","53,618","1,451",,,,,,,,,,,,,,,,,,
  Ⅰ,"16,916,769",38.00,12.90,"228,875","6,008","13,524",355,"229,274","6,019","13,548",356,"206,893","5,431","12,225",321,,,,,,,,,,,,,,,,,,
  Ⅱ,"16,985,043",38.00,12.35,"248,057","6,511","14,599",383,"246,093","6,459","14,483",380,"223,260","5,860","13,140",345,,,,,,,,,,,,,,,,,,
  Ⅲ,"17,063,356",36.12,17.26,"258,919","7,150","15,168",419,"259,783","7,174","15,219",421,"235,426","6,501","13,792",381,,,,,,,,,,,,,,,,,,
  Ⅳ,"17,156,731",35.68,11.92,"275,650","7,706","16,061",449,"274,020","7,660","15,966",446,"248,199","6,938","14,461",404,,,,,,,,,,,,,,,,,,
68年,"17,372,779",36.00,8.83,"1,219,596","33,878","70,202","1,950","1,219,996","33,889","70,225","1,951","1,098,774","30,522","63,247","1,757",,,,,,,,,,,,,,,,,,
  Ⅰ,"17,238,277",35.94,10.73,"279,629","7,783","16,213",451,"280,347","7,803","16,255",453,"252,549","7,030","14,642",408,,,,,,,,,,,,,,,,,,
  Ⅱ,"17,311,551",36.01,9.93,"300,293","8,342","17,337",482,"301,037","8,363","17,380",483,"271,804","7,551","15,693",436,,,,,,,,,,,,,,,,,,
  Ⅲ,"17,393,858",36.06,7.64,"311,605","8,644","17,906",497,"311,801","8,650","17,917",497,"280,476","7,781","16,117",447,,,,,,,,,,,,,,,,,,
  Ⅳ,"17,492,224",36.03,7.30,"328,069","9,109","18,746",520,"326,811","9,073","18,673",518,"293,945","8,160","16,795",466,,,,,,,,,,,,,,,,,,
69年,"17,704,538",36.00,8.04,"1,522,625","42,295","86,002","2,389","1,520,519","42,237","85,883","2,386","1,363,321","37,870","77,004","2,139",,,,,,,,,,,,,,,,,,
  Ⅰ,"17,578,091",36.04,7.91,"349,969","9,710","19,901",552,"351,990","9,767","20,015",556,"315,513","8,755","17,941",498,,,,,,,,,,,,,,,,,,
  Ⅱ,"17,648,339",36.04,8.39,"373,902","10,374","21,177",588,"371,406","10,305","21,036",584,"333,232","9,246","18,874",524,,,,,,,,,,,,,,,,,,
  Ⅲ,"17,724,609",35.96,7.84,"383,668","10,668","21,637",602,"385,762","10,727","21,755",605,"345,401","9,604","19,479",542,,,,,,,,,,,,,,,,,,
  Ⅳ,"17,817,939",35.96,8.01,"415,086","11,543","23,287",647,"411,361","11,438","23,077",641,"369,175","10,265","20,710",575,,,,,,,,,,,,,,,,,,
70年,"18,029,982",36.79,7.11,"1,805,043","49,063","100,113","2,721","1,795,390","48,801","99,578","2,707","1,613,077","43,846","89,466","2,432",,,,,,,,,,,,,,,,,,
  Ⅰ,"17,901,555",35.95,7.15,"422,959","11,770","23,619",657,"421,682","11,734","23,548",655,"377,503","10,506","21,081",587,,,,,,,,,,,,,,,,,,
  Ⅱ,"17,975,802",36.36,7.14,"451,532","12,423","25,111",691,"448,807","12,348","24,959",687,"401,110","11,037","22,307",614,,,,,,,,,,,,,,,,,,
  Ⅲ,"18,058,075",37.06,8.37,"459,833","12,413","25,456",687,"458,140","12,367","25,362",685,"412,139","11,126","22,816",616,,,,,,,,,,,,,,,,,,
  Ⅳ,"18,149,379",37.80,5.84,"470,719","12,457","25,927",686,"466,761","12,352","25,709",680,"422,325","11,177","23,262",615,,,,,,,,,,,,,,,,,,
71年,"18,354,855",39.12,4.80,"1,938,394","49,550","105,607","2,700","1,937,712","49,533","105,569","2,699","1,741,915","44,527","94,902","2,426",,,,,,,,,,,,,,,,,,
  Ⅰ,"18,227,453",37.91,4.58,"461,896","12,186","25,323",668,"463,881","12,238","25,432",671,"412,661","10,888","22,625",597,,,,,,,,,,,,,,,,,,
  Ⅱ,"18,294,665",38.78,5.13,"488,317","12,594","26,673",688,"484,976","12,508","26,490",684,"433,795","11,190","23,696",611,,,,,,,,,,,,,,,,,,
  Ⅲ,"18,371,909",39.65,4.70,"489,592","12,350","26,630",672,"491,134","12,389","26,714",674,"444,009","11,202","24,151",610,,,,,,,,,,,,,,,,,,
  Ⅳ,"18,466,206",40.15,4.77,"498,589","12,420","26,981",672,"497,721","12,398","26,933",670,"451,450","11,247","24,430",608,,,,,,,,,,,,,,,,,,
72年,"18,653,146",40.06,9.04,"2,170,005","54,169","116,335","2,904","2,173,261","54,250","116,509","2,908","1,946,334","48,585","104,343","2,605",,,,,,,,,,,,,,,,,,
  Ⅰ,"18,547,823",39.97,4.29,"495,528","12,404","26,716",668,"501,323","12,549","27,029",676,"447,716","11,207","24,138",604,,,,,,,,,,,,,,,,,,
  Ⅱ,"18,614,026",40.03,8.41,"548,306","13,705","29,457",737,"543,403","13,582","29,193",729,"484,368","12,106","26,022",650,,,,,,,,,,,,,,,,,,
  Ⅲ,"18,683,238",40.12,11.30,"554,907","13,839","29,701",741,"558,179","13,920","29,876",745,"500,111","12,472","26,768",668,,,,,,,,,,,,,,,,,,
  Ⅳ,"18,754,456",40.19,11.79,"571,264","14,221","30,461",758,"570,356","14,199","30,411",758,"514,139","12,800","27,415",683,,,,,,,,,,,,,,,,,,
73年,"18,929,866",39.62,10.05,"2,418,884","61,052","127,781","3,225","2,448,859","61,809","129,365","3,265","2,206,303","55,687","116,551","2,942",,,,,,,,,,,,,,,,,,
  Ⅰ,"18,816,526",40.15,11.88,"562,284","14,000","29,858",743,"570,970","14,216","30,320",755,"514,624","12,813","27,329",680,,,,,,,,,,,,,,,,,,
  Ⅱ,"18,872,694",39.77,11.66,"619,869","15,581","32,819",825,"620,554","15,598","32,855",826,"555,259","13,957","29,398",739,,,,,,,,,,,,,,,,,,
  Ⅲ,"18,939,896",39.21,9.71,"620,261","15,814","32,723",834,"632,351","16,121","33,361",850,"572,975","14,607","30,228",771,,,,,,,,,,,,,,,,,,
  Ⅳ,"19,023,146",39.36,7.31,"616,470","15,657","32,381",823,"624,984","15,874","32,829",834,"563,445","14,310","29,596",752,,,,,,,,,,,,,,,,,,
74年,"19,191,510",39.86,4.81,"2,536,012","63,623","132,142","3,315","2,583,166","64,806","134,599","3,377","2,327,221","58,385","121,263","3,042",,,,,,,,,,,,,,,,,,
  Ⅰ,"19,095,232",39.30,5.68,"598,491","15,229","31,327",797,"614,377","15,633","32,158",819,"558,260","14,205","29,221",744,,,,,,,,,,,,,,,,,,
  Ⅱ,"19,145,377",39.82,4.24,"641,680","16,116","33,500",841,"647,713","16,267","33,814",849,"574,331","14,423","29,983",753,,,,,,,,,,,,,,,,,,
  Ⅲ,"19,203,545",40.31,3.62,"639,119","15,855","33,265",825,"654,199","16,230","34,050",844,"593,584","14,726","30,894",766,,,,,,,,,,,,,,,,,,
  Ⅳ,"19,276,757",39.99,5.76,"656,722","16,423","34,050",852,"666,877","16,676","34,577",865,"601,046","15,031","31,165",779,,,,,,,,,,,,,,,,,,
75年,"19,411,454",37.85,11.52,"2,966,911","78,386","152,843","4,038","3,043,873","80,419","156,808","4,143","2,773,615","73,279","142,885","3,775",,,,,,,,,,,,,,,,,,
  Ⅰ,"19,336,243",39.24,10.20,"684,160","17,393","35,382",900,"704,347","17,907","36,425",926,"651,855","16,572","33,711",857,,,,,,,,,,,,,,,,,,
  Ⅱ,"19,382,372",38.38,9.57,"734,679","19,096","37,904",986,"750,650","19,511","38,727","1,007","669,214","17,395","34,526",898,,,,,,,,,,,,,,,,,,
  Ⅲ,"19,431,510",37.47,12.32,"761,704","20,279","39,198","1,043","779,974","20,766","40,139","1,069","713,094","18,985","36,697",977,,,,,,,,,,,,,,,,,,
  Ⅳ,"19,483,657",36.29,13.77,"786,368","21,618","40,359","1,109","808,902","22,235","41,517","1,141","739,452","20,327","37,951","1,043",,,,,,,,,,,,,,,,,,
76年,"19,617,046",31.87,12.70,"3,344,962","104,956","170,513","5,350","3,418,313","107,258","174,252","5,468","3,109,963","97,583","158,534","4,974",,,,,,,,,,,,,,,,,,
  Ⅰ,"19,528,807",34.98,13.16,"786,725","22,348","40,265","1,144","809,426","22,997","41,427","1,177","748,321","21,269","38,298","1,088",,,,,,,,,,,,,,,,,,
  Ⅱ,"19,572,927",32.39,14.29,"832,223","25,531","42,498","1,304","848,429","26,033","43,325","1,329","761,475","23,374","38,884","1,194",,,,,,,,,,,,,,,,,,
  Ⅲ,"19,627,073",30.53,13.64,"862,293","28,064","43,912","1,429","879,938","28,644","44,810","1,459","806,199","26,254","41,054","1,337",,,,,,,,,,,,,,,,,,
  Ⅳ,"19,692,249",29.58,9.95,"863,721","29,013","43,838","1,473","880,520","29,584","44,690","1,503","793,968","26,686","40,298","1,355",,,,,,,,,,,,,,,,,,
77年,"19,839,704",28.61,8.02,"3,615,319","126,366","182,226","6,369","3,712,693","129,769","187,134","6,541","3,387,085","118,388","170,723","5,967",,,,,,,,,,,,,,,,,,
  Ⅰ,"19,744,456",28.61,8.65,"846,978","29,604","42,870","1,498","876,596","30,638","44,368","1,551","813,359","28,429","41,166","1,439",,,,,,,,,,,,,,,,,,
  Ⅱ,"19,788,571",28.68,6.98,"887,744","30,953","44,832","1,563","910,270","31,738","45,970","1,603","828,177","28,876","41,823","1,458",,,,,,,,,,,,,,,,,,
  Ⅲ,"19,846,722",28.77,8.07,"926,609","32,207","46,658","1,622","946,872","32,911","47,678","1,657","866,099","30,105","43,610","1,516",,,,,,,,,,,,,,,,,,
  Ⅳ,"19,917,908",28.39,8.41,"953,988","33,602","47,866","1,686","978,955","34,482","49,118","1,730","879,450","30,978","44,124","1,554",,,,,,,,,,,,,,,,,,
78年,"20,055,492",26.41,8.75,"4,033,071","152,710","201,096","7,614","4,133,840","156,526","206,120","7,805","3,795,599","143,718","189,255","7,166",,,,,,,,,,,,,,,,,,
  Ⅰ,"19,974,292",27.65,9.10,"949,158","34,265","47,507","1,715","975,671","35,221","48,835","1,764","906,837","32,742","45,388","1,639",,,,,,,,,,,,,,,,,,
  Ⅱ,"20,017,398",26.27,9.39,"992,328","37,704","49,561","1,883","1,005,123","38,190","50,200","1,907","921,407","35,015","46,018","1,749",,,,,,,,,,,,,,,,,,
  Ⅲ,"20,071,532",25.74,8.47,"1,023,333","39,683","50,972","1,977","1,052,008","40,796","52,401","2,032","969,910","37,618","48,310","1,874",,,,,,,,,,,,,,,,,,
  Ⅳ,"20,129,675",25.97,8.11,"1,068,252","41,058","53,056","2,039","1,101,038","42,319","54,684","2,102","997,445","38,343","49,539","1,904",,,,,,,,,,,,,,,,,,
79年,"20,278,946",26.89,5.65,"4,480,288","166,615","220,933","8,216","4,597,595","170,978","226,718","8,431","4,183,419","155,575","206,294","7,672",,,,,,,,,,,,,,,,,,
  Ⅰ,"20,180,709",26.18,7.50,"1,072,990","40,997","53,160","2,031","1,104,663","42,206","54,730","2,091","1,025,699","39,184","50,816","1,941",,,,,,,,,,,,,,,,,,
  Ⅱ,"20,235,842",26.91,4.14,"1,102,526","40,983","54,475","2,025","1,129,358","41,979","55,800","2,074","1,006,469","37,406","49,727","1,848",,,,,,,,,,,,,,,,,,
  Ⅲ,"20,304,006",27.25,4.30,"1,115,762","40,957","54,944","2,017","1,142,194","41,926","56,245","2,064","1,056,219","38,765","52,010","1,909",,,,,,,,,,,,,,,,,,
  Ⅳ,"20,372,171",27.23,6.77,"1,189,010","43,678","58,354","2,143","1,221,380","44,867","59,943","2,202","1,095,032","40,220","53,741","1,974",,,,,,,,,,,,,,,,,,
80年,"20,503,568",26.82,8.36,"5,023,763","187,314","245,019","9,136","5,159,313","192,368","251,630","9,382","4,686,035","174,722","228,547","8,522",,,,,,,,,,,,,,,,,,
  Ⅰ,"20,425,383",27.19,7.03,"1,193,397","43,838","58,414","2,146","1,231,282","45,229","60,269","2,214","1,130,436","41,522","55,333","2,032",,,,,,,,,,,,,,,,,,
  Ⅱ,"20,470,490",27.26,8.63,"1,237,128","45,329","60,422","2,214","1,262,851","46,269","61,678","2,260","1,124,074","41,182","54,900","2,011",,,,,,,,,,,,,,,,,,
  Ⅲ,"20,517,601",26.76,9.18,"1,260,298","47,039","61,412","2,292","1,293,677","48,285","63,038","2,353","1,181,873","44,109","57,590","2,150",,,,,,,,,,,,,,,,,,
  Ⅳ,"20,574,737",26.05,8.50,"1,332,940","51,108","64,771","2,484","1,371,503","52,585","66,645","2,555","1,249,652","47,909","60,724","2,329",,,,,,,,,,,,,,,,,,
81年,"20,704,227",25.16,8.29,"5,614,679","223,159","271,185","10,778","5,735,441","227,959","277,018","11,010","5,147,882","204,606","248,639","9,882",,,,,,,,,,,,,,,,,,
  Ⅰ,"20,623,560",25.21,10.52,"1,350,206","53,579","65,440","2,597","1,381,997","54,841","66,982","2,658","1,256,860","49,877","60,915","2,417",,,,,,,,,,,,,,,,,,
  Ⅱ,"20,663,315",25.03,8.49,"1,381,427","55,213","66,824","2,671","1,405,527","56,177","67,990","2,718","1,248,725","49,910","60,405","2,414",,,,,,,,,,,,,,,,,,
  Ⅲ,"20,713,865",25.04,7.92,"1,402,615","56,037","67,684","2,704","1,430,808","57,164","69,045","2,758","1,283,877","51,295","61,954","2,475",,,,,,,,,,,,,,,,,,
  Ⅳ,"20,772,506",25.39,6.50,"1,480,431","58,330","71,237","2,806","1,517,109","59,777","73,001","2,876","1,358,420","53,524","65,365","2,576",,,,,,,,,,,,,,,,,,
82年,"20,899,019",26.39,6.80,"6,205,338","235,140","296,920","11,251","6,319,382","239,461","302,377","11,458","5,681,701","215,297","271,864","10,302",,,,,,,,,,,,,,,,,,
  Ⅰ,"20,818,583",25.78,6.74,"1,503,519","58,321","72,176","2,799","1,537,986","59,655","73,830","2,864","1,377,767","53,446","66,140","2,566",,,,,,,,,,,,,,,,,,
  Ⅱ,"20,854,182",26.08,7.07,"1,531,867","58,737","73,411","2,815","1,559,029","59,776","74,713","2,865","1,385,788","53,139","66,411","2,547",,,,,,,,,,,,,,,,,,
  Ⅲ,"20,902,963",26.85,6.59,"1,551,132","57,770","74,161","2,762","1,574,230","58,628","75,264","2,803","1,418,846","52,846","67,837","2,527",,,,,,,,,,,,,,,,,,
  Ⅳ,"20,963,761",26.84,6.82,"1,618,820","60,312","77,172","2,875","1,648,137","61,402","78,570","2,926","1,499,300","55,866","71,476","2,662",,,,,,,,,,,,,,,,,,
83年,"21,086,645",26.46,7.49,"6,784,442","256,404","321,741","12,160","6,891,959","260,467","326,840","12,352","6,206,187","234,550","294,318","11,123",,,,,,,,,,,,,,,,,,
  Ⅰ,"21,013,346",26.44,5.98,"1,628,330","61,568","77,476","2,930","1,659,637","62,751","78,966","2,986","1,500,470","56,730","71,393","2,700",,,,,,,,,,,,,,,,,,
  Ⅱ,"21,054,279",26.74,7.72,"1,674,412","62,600","79,514","2,973","1,693,659","63,319","80,428","3,007","1,496,140","55,931","71,048","2,656",,,,,,,,,,,,,,,,,,
  Ⅲ,"21,103,486",26.42,6.97,"1,689,891","63,945","80,062","3,030","1,717,577","64,990","81,373","3,080","1,569,595","59,388","74,363","2,813",,,,,,,,,,,,,,,,,,
  Ⅳ,"21,153,782",26.23,9.17,"1,791,809","68,291","84,689","3,227","1,821,086","69,407","86,073","3,279","1,639,982","62,501","77,514","2,954",,,,,,,,,,,,,,,,,,
84年,"21,267,653",26.49,6.50,"7,396,650","279,224","347,789","13,129","7,507,569","283,411","353,004","13,326","6,719,565","253,664","315,952","11,927",,,,,,,,,,,,,,,,,,
  Ⅰ,"21,194,599",26.24,7.55,"1,766,098","67,308","83,314","3,175","1,799,933","68,600","84,910","3,236","1,622,999","61,871","76,564","2,918",,,,,,,,,,,,,,,,,,
  Ⅱ,"21,234,681",25.58,6.45,"1,811,031","70,801","85,272","3,333","1,829,542","71,527","86,144","3,368","1,601,501","62,627","75,407","2,948",,,,,,,,,,,,,,,,,,
  Ⅲ,"21,284,962",26.97,6.98,"1,852,793","68,700","87,033","3,227","1,881,951","69,784","88,402","3,278","1,704,113","63,205","80,049","2,969",,,,,,,,,,,,,,,,,,
  Ⅳ,"21,334,658",27.16,5.16,"1,966,728","72,415","92,170","3,394","1,996,143","73,500","93,548","3,444","1,790,952","65,961","83,932","3,092",,,,,,,,,,,,,,,,,,
85年,"21,441,432",27.46,6.18,"8,036,590","292,665","374,816","13,650","8,146,092","296,653","379,923","13,836","7,300,416","265,856","340,482","12,399",,,,,,,,,,,,,,,,,,
  Ⅰ,"21,372,055",27.43,5.74,"1,929,854","70,352","90,258","3,291","1,971,549","71,872","92,208","3,362","1,769,849","64,520","82,775","3,017",,,,,,,,,,,,,,,,,,
  Ⅱ,"21,405,379",27.39,5.80,"1,974,424","72,082","92,199","3,367","1,992,445","72,740","93,040","3,397","1,762,229","64,336","82,290","3,004",,,,,,,,,,,,,,,,,,
  Ⅲ,"21,446,975",27.51,6.17,"2,020,970","73,459","94,189","3,423","2,041,551","74,207","95,148","3,459","1,838,220","66,817","85,673","3,114",,,,,,,,,,,,,,,,,,
  Ⅳ,"21,497,652",27.50,6.94,"2,111,342","76,772","98,170","3,569","2,140,547","77,834","99,527","3,618","1,930,118","70,183","89,744","3,264",,,,,,,,,,,,,,,,,,
86年,"21,634,124",28.70,6.11,"8,717,241","303,737","402,939","14,040","8,806,852","306,859","407,082","14,184","7,907,557","275,525","365,513","12,736",,,,,,,,,,,,,,,,,,
  Ⅰ,"21,541,042",27.51,5.66,"2,090,221","75,975","96,965","3,524","2,122,599","77,144","98,467","3,578","1,912,355","69,507","88,714","3,224",,,,,,,,,,,,,,,,,,
  Ⅱ,"21,578,401",27.75,5.58,"2,109,448","76,011","97,688","3,520","2,126,612","76,622","98,483","3,547","1,896,470","68,333","87,825","3,164",,,,,,,,,,,,,,,,,,
  Ⅲ,"21,636,961",28.43,6.25,"2,168,305","76,263","100,142","3,522","2,192,484","77,106","101,258","3,560","1,971,798","69,348","91,066","3,202",,,,,,,,,,,,,,,,,,
  Ⅳ,"21,708,293",31.12,6.89,"2,349,267","75,488","108,144","3,474","2,365,157","75,987","108,874","3,499","2,126,934","68,337","97,908","3,146",,,,,,,,,,,,,,,,,,
87年,"21,835,703",33.46,4.21,"9,381,141","280,369","429,624","12,840","9,449,692","282,418","432,763","12,934","8,396,774","250,950","384,543","11,493",,,,,,,,,,,,,,,,,,
  Ⅰ,"21,765,267",33.04,4.85,"2,282,027","69,011","104,850","3,170","2,309,509","69,835","106,113","3,209","2,061,593","62,339","94,722","2,865",,,,,,,,,,,,,,,,,,
  Ⅱ,"21,810,745",33.63,4.28,"2,295,536","68,201","105,251","3,127","2,302,688","68,407","105,579","3,136","2,038,586","60,562","93,470","2,777",,,,,,,,,,,,,,,,,,
  Ⅲ,"21,858,492",34.54,4.70,"2,349,301","67,960","107,482","3,109","2,354,472","68,104","107,717","3,116","2,094,072","60,571","95,804","2,772",,,,,,,,,,,,,,,,,,
  Ⅳ,"21,905,902",32.61,3.11,"2,454,277","75,197","112,041","3,434","2,483,023","76,072","113,354","3,473","2,202,523","67,478","100,547","3,079",,,,,,,,,,,,,,,,,,
88年,"22,010,489",32.27,6.72,"9,815,595","304,171","445,951","13,819","9,906,113","306,976","450,063","13,947","8,770,083","271,772","398,450","12,347",,,,,,,,,,,,,,,,,,
  Ⅰ,"21,947,387",32.64,6.28,"2,413,238","73,896","109,949","3,367","2,442,063","74,776","111,262","3,407","2,160,205","66,148","98,421","3,014",,,,,,,,,,,,,,,,,,
  Ⅱ,"21,987,037",32.71,7.25,"2,411,196","73,675","109,657","3,351","2,422,183","74,009","110,157","3,366","2,152,917","65,783","97,912","2,992",,,,,,,,,,,,,,,,,,
  Ⅲ,"22,028,124",32.02,5.86,"2,429,582","75,837","110,288","3,443","2,443,780","76,278","110,932","3,463","2,165,914","67,607","98,319","3,069",,,,,,,,,,,,,,,,,,
  Ⅳ,"22,070,372",31.70,7.45,"2,561,579","80,763","116,057","3,658","2,598,087","81,913","117,712","3,711","2,291,047","72,234","103,798","3,272",,,,,,,,,,,,,,,,,,
89年,"22,184,530",31.23,6.42,"10,351,260","331,452","466,598","14,941","10,490,818","335,921","472,889","15,142","9,269,557","296,816","417,839","13,379",,,,,,,,,,,,,,,,,,
  Ⅰ,"22,113,582",30.74,6.04,"2,497,930","81,299","112,933","3,676","2,533,808","82,469","114,556","3,728","2,242,449","72,987","101,383","3,300",,,,,,,,,,,,,,,,,,
  Ⅱ,"22,153,653",30.68,6.22,"2,511,843","81,911","113,357","3,697","2,539,819","82,826","114,620","3,738","2,234,070","72,856","100,821","3,288",,,,,,,,,,,,,,,,,,
  Ⅲ,"22,195,739",31.07,7.35,"2,598,637","83,678","117,051","3,769","2,630,134","84,695","118,470","3,815","2,329,423","75,012","104,925","3,379",,,,,,,,,,,,,,,,,,
  Ⅳ,"22,247,811",32.45,6.05,"2,742,850","84,564","123,257","3,799","2,787,057","85,931","125,243","3,861","2,463,615","75,961","110,710","3,412",,,,,,,,,,,,,,,,,,
90年,"22,341,120",33.81,-1.26,"10,158,209","300,450","454,687","13,448","10,350,233","306,129","463,282","13,703","9,015,899","266,664","403,556","11,936",,,,,,,,,,,,,,,,,,
  Ⅰ,"22,292,585",32.53,1.59,"2,533,134","77,849","113,627","3,492","2,588,329","79,540","116,101","3,568","2,262,496","69,527","101,486","3,118",,,,,,,,,,,,,,,,,,
  Ⅱ,"22,324,017",33.48,-2.39,"2,448,239","73,104","109,664","3,275","2,496,931","74,555","111,845","3,340","2,160,403","64,506","96,771","2,890",,,,,,,,,,,,,,,,,,
  Ⅲ,"22,354,019",34.66,-3.83,"2,487,095","71,736","111,255","3,209","2,532,102","73,030","113,268","3,267","2,198,786","63,417","98,358","2,837",,,,,,,,,,,,,,,,,,
  Ⅳ,"22,387,035",34.58,-0.24,"2,689,741","77,761","120,141","3,472","2,732,871","79,004","122,068","3,528","2,394,214","69,214","106,941","3,091",,,,,,,,,,,,,,,,,,
91年,"22,463,172",34.58,5.57,"10,680,883","308,875","475,484","13,750","10,923,385","315,887","486,280","14,062","9,504,407","274,853","423,111","12,236",,,,,,,,,,,,,,,,,,
  Ⅰ,"22,417,770",35.04,1.96,"2,593,621","74,011","115,677","3,301","2,660,384","75,917","118,654","3,386","2,293,439","65,444","102,290","2,919",,,,,,,,,,,,,,,,,,
  Ⅱ,"22,443,730",34.45,6.88,"2,598,101","75,409","115,743","3,359","2,652,820","76,998","118,181","3,430","2,304,496","66,886","102,664","2,980",,,,,,,,,,,,,,,,,,
  Ⅲ,"22,470,926",33.99,7.01,"2,673,352","78,643","118,950","3,499","2,729,723","80,303","121,459","3,573","2,384,684","70,150","106,107","3,121",,,,,,,,,,,,,,,,,,
  Ⅳ,"22,502,570",34.84,6.30,"2,815,809","80,812","125,114","3,591","2,880,458","82,669","127,986","3,673","2,521,788","72,373","112,050","3,216",,,,,,,,,,,,,,,,,,
92年,"22,562,663",34.42,4.12,"10,965,866","318,590","486,018","14,120","11,294,739","328,145","500,594","14,544","9,885,093","287,190","438,117","12,729",,,,,,,,,,,,,,,,,,
  Ⅰ,"22,530,466",34.71,4.89,"2,665,146","76,744","118,270","3,406","2,779,160","80,031","123,329","3,552","2,419,124","69,657","107,352","3,091",,,,,,,,,,,,,,,,,,
  Ⅱ,"22,547,204",34.72,-0.70,"2,582,176","74,333","114,503","3,296","2,665,296","76,730","118,189","3,403","2,307,746","66,431","102,334","2,946",,,,,,,,,,,,,,,,,,
  Ⅲ,"22,564,109",34.25,5.21,"2,763,554","80,647","122,454","3,574","2,816,473","82,195","124,798","3,642","2,462,302","71,853","109,106","3,184",,,,,,,,,,,,,,,,,,
  Ⅳ,"22,589,258",34.00,6.91,"2,954,990","86,866","130,791","3,844","3,033,810","89,189","134,278","3,947","2,695,921","79,249","119,325","3,508",,,,,,,,,,,,,,,,,,
93年,"22,646,836",33.43,6.51,"11,649,645","348,479","514,405","15,388","12,021,744","359,609","530,835","15,879","10,467,622","313,121","462,211","13,826",,,,,,,,,,,,,,,,,,
  Ⅰ,"22,613,014",33.41,6.47,"2,822,220","84,451","124,782","3,735","2,939,172","87,949","129,952","3,888","2,563,023","76,692","113,322","3,391",,,,,,,,,,,,,,,,,,
  Ⅱ,"22,630,864",33.38,9.99,"2,836,014","84,940","125,293","3,753","2,910,103","87,157","128,566","3,850","2,524,568","75,610","111,533","3,341",,,,,,,,,,,,,,,,,,
  Ⅲ,"22,649,796",33.98,6.59,"2,964,819","87,230","130,874","3,850","3,047,436","89,659","134,520","3,958","2,650,555","77,981","117,001","3,443",,,,,,,,,,,,,,,,,,
  Ⅳ,"22,674,232",32.94,3.45,"3,026,592","91,858","133,456","4,050","3,125,033","94,844","137,797","4,183","2,729,476","82,838","120,355","3,651",,,,,,,,,,,,,,,,,,
94年,"22,729,753",32.18,5.42,"12,092,254","375,769","532,001","16,532","12,383,120","384,808","544,798","16,930","10,732,710","333,521","472,188","14,673",,,,,,,,,,,,,,,,,,
  Ⅰ,"22,696,209",31.54,3.46,"2,901,189","92,038","127,807","4,054","3,008,924","95,451","132,553","4,205","2,591,926","82,240","114,183","3,623",,,,,,,,,,,,,,,,,,
  Ⅱ,"22,712,927",31.40,4.87,"2,889,085","92,063","127,180","4,052","2,958,382","94,267","130,230","4,150","2,544,059","81,081","111,992","3,569",,,,,,,,,,,,,,,,,,
  Ⅲ,"22,733,699",32.32,5.48,"3,047,620","94,350","134,036","4,150","3,072,716","95,123","135,139","4,184","2,665,314","82,527","117,223","3,629",,,,,,,,,,,,,,,,,,
  Ⅳ,"22,757,611",33.46,7.58,"3,254,360","97,318","142,978","4,276","3,343,098","99,967","146,876","4,391","2,931,411","87,673","128,790","3,852",,,,,,,,,,,,,,,,,,
95年,"22,823,455",32.53,5.62,"12,640,803","388,589","553,851","17,026","12,952,502","398,171","567,508","17,446","11,117,367","341,757","487,103","14,974",,,,,,,,,,,,,,,,,,
  Ⅰ,"22,780,718",32.32,6.08,"3,037,798","94,024","133,319","4,126","3,155,292","97,657","138,474","4,285","2,705,267","83,732","118,724","3,674",,,,,,,,,,,,,,,,,,
  Ⅱ,"22,802,844",32.18,6.05,"3,038,119","94,443","133,203","4,140","3,107,187","96,586","136,230","4,234","2,647,429","82,297","116,074","3,608",,,,,,,,,,,,,,,,,,
  Ⅲ,"22,826,840",32.78,6.68,"3,215,915","98,140","140,850","4,299","3,263,652","99,593","142,940","4,363","2,797,370","85,367","122,519","3,738",,,,,,,,,,,,,,,,,,
  Ⅳ,"22,857,785",32.85,3.86,"3,348,971","101,982","146,479","4,461","3,426,371","104,335","149,864","4,564","2,967,301","90,361","129,786","3,954",,,,,,,,,,,,,,,,,,
96年,"22,917,444",32.84,6.52,"13,407,062","408,254","585,016","17,814","13,739,828","418,387","599,536","18,256","11,590,959","352,952","505,770","15,401",,,,,,,,,,,,,,,,,,
  Ⅰ,"22,878,491",32.92,5.19,"3,180,147","96,575","138,941","4,219","3,310,398","100,533","144,630","4,392","2,773,249","84,215","121,163","3,679",,,,,,,,,,,,,,,,,,
  Ⅱ,"22,891,176",33.11,6.25,"3,204,724","96,763","139,937","4,225","3,300,328","99,652","144,110","4,351","2,771,943","83,692","121,039","3,654",,,,,,,,,,,,,,,,,,
  Ⅲ,"22,913,604",32.91,7.65,"3,464,717","105,250","151,142","4,592","3,496,111","106,205","152,510","4,633","2,939,220","89,283","128,218","3,895",,,,,,,,,,,,,,,,,,
  Ⅳ,"22,941,836",32.43,6.82,"3,557,474","109,666","154,996","4,778","3,632,991","111,997","158,286","4,880","3,106,547","95,762","135,350","4,173",,,,,,,,,,,,,,,,,,
97年,"22,997,696",31.54,0.70,"13,150,950","416,961","571,838","18,131","13,465,596","426,937","585,519","18,564","11,161,869","353,896","485,347","15,388",,,,,,,,,,,,,,,,,,
  Ⅰ,"22,968,580",31.53,7.72,"3,345,497","105,974","145,634","4,614","3,507,023","111,092","152,664","4,836","2,912,218","92,271","126,772","4,016",,,,,,,,,,,,,,,,,,
  Ⅱ,"22,986,531",30.44,5.48,"3,320,942","108,964","144,452","4,739","3,370,925","110,605","146,625","4,811","2,763,750","90,703","120,215","3,945",,,,,,,,,,,,,,,,,,
  Ⅲ,"23,001,000",31.19,-1.32,"3,248,413","104,021","141,209","4,522","3,301,388","105,718","143,510","4,595","2,729,925","87,439","118,669","3,801",,,,,,,,,,,,,,,,,,
  Ⅳ,"23,022,384",32.98,-7.65,"3,236,098","98,002","140,543","4,256","3,286,260","99,522","142,720","4,322","2,755,976","83,483","119,691","3,626",,,,,,,,,,,,,,,,,,
98年,"23,078,402",33.06,-1.57,"12,961,656","392,065","561,636","16,988","13,375,650","404,587","579,574","17,531","10,985,329","332,285","476,000","14,398",,,,,,,,,,,,,,,,,,
  Ⅰ,"23,047,791",33.98,-7.88,"3,117,366","91,641","135,231","3,975","3,249,858","95,542","140,978","4,145","2,630,165","77,305","114,097","3,353",,,,,,,,,,,,,,,,,,
  Ⅱ,"23,063,948",33.13,-6.07,"3,110,192","93,776","134,825","4,065","3,201,098","96,523","138,765","4,184","2,603,474","78,485","112,861","3,402",,,,,,,,,,,,,,,,,,
  Ⅲ,"23,077,893",32.80,-1.24,"3,276,808","99,794","141,962","4,324","3,345,042","101,878","144,918","4,414","2,743,314","83,532","118,851","3,619",,,,,,,,,,,,,,,,,,
  Ⅳ,"23,103,107",32.32,9.04,"3,457,290","106,854","149,618","4,624","3,579,652","110,644","154,913","4,788","3,008,376","92,963","130,191","4,024",,,,,,,,,,,,,,,,,,
99年,"23,140,948",31.65,10.63,"14,119,213","446,105","610,140","19,278","14,548,852","459,679","628,706","19,864","12,194,428","385,290","526,963","16,650",,,,,,,,,,,,,,,,,,
  Ⅰ,"23,125,433",31.96,12.46,"3,431,321","107,317","148,369","4,641","3,591,712","112,342","155,302","4,858","2,998,824","93,783","129,667","4,055",,,,,,,,,,,,,,,,,,
  Ⅱ,"23,134,737",31.93,12.40,"3,490,368","109,266","150,860","4,723","3,597,150","112,618","155,475","4,868","3,000,503","93,923","129,688","4,060",,,,,,,,,,,,,,,,,,
  Ⅲ,"23,142,236",31.97,11.69,"3,613,931","112,993","156,151","4,882","3,695,190","115,543","159,661","4,992","3,073,867","96,099","132,815","4,153",,,,,,,,,,,,,,,,,,
  Ⅳ,"23,154,107",30.74,6.52,"3,583,593","116,529","154,760","5,032","3,664,800","119,176","158,268","5,146","3,121,234","101,485","134,793","4,382",,,,,,,,,,,,,,,,,,
100年,"23,193,518",29.47,3.80,"14,312,200","485,653","617,078","20,939","14,700,572","498,832","633,822","21,507","12,290,671","417,057","529,918","17,982",,,,,,,,,,,,,,,,,,
  Ⅰ,"23,164,001",29.51,7.37,"3,582,286","121,360","154,589","5,237","3,741,681","126,757","161,467","5,470","3,197,580","108,326","137,986","4,675",,,,,,,,,,,,,,,,,,
  Ⅱ,"23,173,178",28.90,4.28,"3,483,296","120,497","150,258","5,198","3,578,598","123,791","154,368","5,340","2,999,540","103,761","129,388","4,476",,,,,,,,,,,,,,,,,,
  Ⅲ,"23,189,212",29.20,3.32,"3,652,033","125,037","157,427","5,389","3,716,846","127,252","160,220","5,485","3,045,679","104,275","131,287","4,495",,,,,,,,,,,,,,,,,,
  Ⅳ,"23,211,430",30.26,0.68,"3,594,585","118,759","154,804","5,115","3,663,447","121,032","157,767","5,212","3,047,872","100,695","131,257","4,336",,,,,,,,,,,,,,,,,,
101年,"23,270,367",29.62,2.06,"14,686,917","495,845","631,142","21,308","15,141,108","511,179","650,660","21,967","12,493,108","421,779","536,868","18,125",,,,,,,,,,,,,,,,,,
  Ⅰ,"23,232,090",29.72,0.78,"3,589,361","120,735","154,458","5,196","3,733,045","125,567","160,641","5,404","3,093,541","104,059","133,121","4,478",,,,,,,,,,,,,,,,,,
  Ⅱ,"23,250,508",29.66,0.42,"3,553,329","119,764","152,787","5,150","3,666,458","123,577","157,651","5,314","3,044,299","102,610","130,898","4,413",,,,,,,,,,,,,,,,,,
  Ⅲ,"23,272,209",29.87,2.31,"3,766,640","126,061","161,807","5,415","3,855,189","129,025","165,610","5,542","3,170,802","106,122","136,210","4,558",,,,,,,,,,,,,,,,,,
  Ⅳ,"23,299,246",29.21,4.63,"3,777,587","129,285","162,090","5,547","3,886,416","133,010","166,758","5,707","3,184,466","108,988","136,639","4,676",,,,,,,,,,,,,,,,,,
102年,"23,344,670",29.77,2.20,"15,230,739","511,614","652,429","21,916","15,654,588","525,851","670,585","22,526","13,115,430","440,559","561,817","18,872",,,,,,,,,,,,,,,,,,
  Ⅰ,"23,324,264",29.55,1.46,"3,682,257","124,605","157,874","5,343","3,821,912","129,327","163,862","5,545","3,219,818","108,955","138,047","4,672",,,,,,,,,,,,,,,,,,
  Ⅱ,"23,338,459",29.95,2.51,"3,707,831","123,795","158,874","5,305","3,780,082","126,203","161,970","5,408","3,179,998","106,170","136,257","4,549",,,,,,,,,,,,,,,,,,
  Ⅲ,"23,350,401",29.95,1.47,"3,863,007","128,976","165,439","5,524","3,963,800","132,337","169,755","5,668","3,335,468","111,361","142,845","4,769",,,,,,,,,,,,,,,,,,
  Ⅳ,"23,365,053",29.63,3.31,"3,977,644","134,238","170,242","5,744","4,088,794","137,984","174,998","5,905","3,380,146","114,073","144,668","4,882",,,,,,,,,,,,,,,,,,
103年,"23,403,635",30.37,4.02,"16,111,867","530,519","688,434","22,668","16,582,405","546,013","708,540","23,330","14,018,941","461,605","599,007","19,724",,,,,,,,,,,,,,,,,,
  Ⅰ,"23,376,556",30.36,3.84,"3,862,258","127,218","165,172","5,441","4,032,903","132,835","172,469","5,680","3,415,643","112,496","146,071","4,811",,,,,,,,,,,,,,,,,,
  Ⅱ,"23,385,815",30.16,4.31,"3,925,676","130,165","167,818","5,565","4,046,532","134,168","172,984","5,735","3,438,294","113,993","146,982","4,873",,,,,,,,,,,,,,,,,,
  Ⅲ,"23,401,158",30.06,4.39,"4,093,475","136,180","174,876","5,817","4,191,514","139,437","179,064","5,957","3,559,459","118,403","152,061","5,058",,,,,,,,,,,,,,,,,,
  Ⅳ,"23,422,017",30.89,3.56,"4,230,458","136,956","180,568","5,845","4,311,456","139,573","184,023","5,958","3,605,545","116,713","153,893","4,982",,,,,,,,,,,,,,,,,,
104年,"23,462,914",31.91,0.81,"16,770,671","525,562","714,774","22,400","17,301,397","542,194","737,393","23,109","14,652,714","459,189","624,505","19,571",,,,,,,,,,,,,,,,,,
  Ⅰ,"23,441,520",31.59,3.99,"4,198,578","132,898","179,093","5,669","4,380,916","138,676","186,870","5,915","3,704,417","117,252","158,013","5,001",,,,,,,,,,,,,,,,,,
  Ⅱ,"23,455,425",30.99,0.71,"4,067,791","131,251","173,410","5,595","4,152,434","133,989","177,018","5,712","3,541,598","114,270","150,979","4,871",,,,,,,,,,,,,,,,,,
  Ⅲ,"23,465,155",32.21,-0.64,"4,214,264","130,827","179,581","5,575","4,341,649","134,788","185,008","5,743","3,673,586","114,039","156,540","4,859",,,,,,,,,,,,,,,,,,
  Ⅳ,"23,480,411",32.85,-0.54,"4,290,038","130,586","182,690","5,561","4,426,398","134,741","188,497","5,739","3,733,113","113,628","158,973","4,840",,,,,,,,,,,,,,,,,,
105年,"23,515,945",32.33,1.51,"17,176,300","531,281","730,411","22,592","17,705,994","547,665","752,936","23,289","14,996,482","463,857","637,715","19,725",,,,,,,,,,,,,,,,,,
  Ⅰ,"23,494,444",33.35,-0.14,"4,272,853","128,021","181,824","5,447","4,453,158","133,438","189,496","5,678","3,754,051","112,484","159,747","4,786",,,,,,,,,,,,,,,,,,
  Ⅱ,"23,502,588",32.44,1.22,"4,155,308","127,991","176,760","5,444","4,265,328","131,395","181,440","5,589","3,619,926","111,507","153,985","4,743",,,,,,,,,,,,,,,,,,
  Ⅲ,"23,513,940",31.73,2.08,"4,298,475","135,363","182,762","5,755","4,426,452","139,410","188,203","5,928","3,770,621","118,749","160,319","5,049",,,,,,,,,,,,,,,,,,
  Ⅳ,"23,529,667",31.78,2.79,"4,449,664","139,906","189,065","5,946","4,561,056","143,422","193,797","6,094","3,851,884","121,117","163,664","5,147",,,,,,,,,,,,,,,,,,
106年,"23,555,522",30.44,3.08,"17,501,181","574,940","742,976","24,408","17,965,345","590,189","762,681","25,055","15,279,928","501,969","648,677","21,310",,,,,,,,,,,,,,,,,,
  Ⅰ,"23,542,748",31.10,2.94,"4,319,537","138,863","183,456","5,898","4,463,251","143,488","189,560","6,094","3,792,923","121,937","161,091","5,179",,,,,,,,,,,,,,,,,,
  Ⅱ,"23,549,075",30.27,2.50,"4,190,093","138,395","177,911","5,876","4,289,532","141,684","182,133","6,016","3,638,551","120,181","154,492","5,103",,,,,,,,,,,,,,,,,,
  Ⅲ,"23,554,969",30.28,3.36,"4,436,866","146,497","188,342","6,219","4,504,343","148,730","191,206","6,313","3,844,993","126,958","163,217","5,389",,,,,,,,,,,,,,,,,,
  Ⅳ,"23,564,347",30.12,3.48,"4,554,685","151,185","193,267","6,415","4,708,219","156,287","199,782","6,632","4,003,461","132,893","169,877","5,639",,,,,,,,,,,,,,,,,,
107年,"23,580,080",30.16,2.63,"17,793,139","589,997","754,711","25,026","18,129,011","601,217","768,959","25,501","15,364,288","509,469","651,690","21,610",,,,,,,,,,,,,,,,,,
  Ⅰ,"23,571,609",29.32,3.15,"4,388,994","149,693","186,198","6,351","4,551,051","155,220","193,073","6,585","3,829,210","130,601","162,450","5,541",,,,,,,,,,,,,,,,,,
  Ⅱ,"23,573,132",29.78,3.29,"4,342,607","145,823","184,218","6,186","4,389,189","147,387","186,195","6,252","3,702,490","124,328","157,064","5,274",,,,,,,,,,,,,,,,,,
  Ⅲ,"23,575,881",30.68,2.38,"4,459,193","145,345","189,142","6,165","4,492,852","146,442","190,570","6,212","3,837,399","125,078","162,768","5,305",,,,,,,,,,,,,,,,,,
  Ⅳ,"23,583,210",30.86,1.80,"4,602,345","149,136","195,153","6,324","4,695,919","152,168","199,121","6,452","3,995,189","129,462","169,408","5,490",,,,,,,,,,,,,,,,,,
108年,,,,,,,,,,,,,,,,,,,,,,,,,,,,,,,,,
  Ⅰ,"23,589,062",30.83,1.83,"4,465,990","144,859","189,325","6,141","4,587,044","148,785","194,456","6,307","3,798,341","123,203","161,021","5,223",,,,,,,,,,,,,,,,,,
  Ⅱ,"23,590,112",31.15,2.40,"4,428,905","142,180","187,744","6,027","4,503,806","144,584","190,919","6,129","3,771,481","121,075","159,876","5,132",,,,,,,,,,,,,,,,,,
  Ⅲ(a),"23,592,407",31.21,2.91,"4,609,301","147,687","195,372","6,260","4,767,244","152,747","202,067","6,474",…,…,…,…,,,,,,,,,,,,,,,,,,
相關網址：請逕至中華民國統計資訊網（www.stat.gov.tw），選取「國民所得及經濟成長」之「統計表」項下之「國民所得常用資料」。,,,,,,,,,,,,,,,,,,,,,,,,,,,,,,,,,
附註：(a)為概估統計數。,,,,,,,,,,,,,,,,,,,,,,,,,,,,,,,,,
,,,,,,,,,,,,,,,更新：2019/10/31,,,,,,,,,,,,,,,,,,
,,,,,,,,,,,,,,,,,,,,,,,,,,,,,,,,,
,,,,,,,,,,,,,,,,,,,,,,,,,,,,,,,,,
,,,,,,,,,,,,,,,,,,,,,,,,,,,,,,,,,
,,,,,,,,,,,,,,,,,,,,,,,,,,,,,,,,,
,,,,,,,,,,,,,,,,,,,,,,,,,,,,,,,,,
,,,,,,,,,,,,,,,,,,,,,,,,,,,,,,,,,
,,,,,,,,,,,,,,,,,,,,,,,,,,,,,,,,,
,,,,,,,,,,,,,,,,,,,,,,,,,,,,,,,,,
,,,,,,,,,,,,,,,,,,,,,,,,,,,,,,,,,
,,,,,,,,,,,,,,,,,,,,,,,,,,,,,,,,,
,,,,,,,,,,,,,,,,,,,,,,,,,,,,,,,,,
,,,,,,,,,,,,,,,,,,,,,,,,,,,,,,,,,
,,,,,,,,,,,,,,,,,,,,,,,,,,,,,,,,,
,,,,,,,,,,,,,,,,,,,,,,,,,,,,,,,,,
,,,,,,,,,,,,,,,,,,,,,,,,,,,,,,,,,
,,,,,,,,,,,,,,,,,,,,,,,,,,,,,,,,,
,,,,,,,,,,,,,,,,,,,,,,,,,,,,,,,,,
,,,,,,,,,,,,,,,,,,,,,,,,,,,,,,,,,
,,,,,,,,,,,,,,,,,,,,,,,,,,,,,,,,,
,,,,,,,,,,,,,,,,,,,,,,,,,,,,,,,,,
,,,,,,,,,,,,,,,,,,,,,,,,,,,,,,,,,
,,,,,,,,,,,,,,,,,,,,,,,,,,,,,,,,,
,,,,,,,,,,,,,,,,,,,,,,,,,,,,,,,,,
,,,,,,,,,,,,,,,,,,,,,,,,,,,,,,,,,
,,,,,,,,,,,,,,,,,,,,,,,,,,,,,,,,,
,,,,,,,,,,,,,,,,,,,,,,,,,,,,,,,,,
,,,,,,,,,,,,,,,,,,,,,,,,,,,,,,,,,
,,,,,,,,,,,,,,,,,,,,,,,,,,,,,,,,,
,,,,,,,,,,,,,,,,,,,,,,,,,,,,,,,,,
,,,,,,,,,,,,,,,,,,,,,,,,,,,,,,,,,
,,,,,,,,,,,,,,,,,,,,,,,,,,,,,,,,,
,,,,,,,,,,,,,,,,,,,,,,,,,,,,,,,,,
,,,,,,,,,,,,,,,,,,,,,,,,,,,,,,,,,
,,,,,,,,,,,,,,,,,,,,,,,,,,,,,,,,,
,,,,,,,,,,,,,,,,,,,,,,,,,,,,,,,,,
,,,,,,,,,,,,,,,,,,,,,,,,,,,,,,,,,
,,,,,,,,,,,,,,,,,,,,,,,,,,,,,,,,,
,,,,,,,,,,,,,,,,,,,,,,,,,,,,,,,,,
,,,,,,,,,,,,,,,,,,,,,,,,,,,,,,,,,
,,,,,,,,,,,,,,,,,,,,,,,,,,,,,,,,,
,,,,,,,,,,,,,,,,,,,,,,,,,,,,,,,,,
,,,,,,,,,,,,,,,,,,,,,,,,,,,,,,,,,
,,,,,,,,,,,,,,,,,,,,,,,,,,,,,,,,,
,,,,,,,,,,,,,,,,,,,,,,,,,,,,,,,,,
,,,,,,,,,,,,,,,,,,,,,,,,,,,,,,,,,
,,,,,,,,,,,,,,,,,,,,,,,,,,,,,,,,,
,,,,,,,,,,,,,,,,,,,,,,,,,,,,,,,,,
,,,,,,,,,,,,,,,,,,,,,,,,,,,,,,,,,
,,,,,,,,,,,,,,,,,,,,,,,,,,,,,,,,,
,,,,,,,,,,,,,,,,,,,,,,,,,,,,,,,,,
,,,,,,,,,,,,,,,,,,,,,,,,,,,,,,,,,
,,,,,,,,,,,,,,,,,,,,,,,,,,,,,,,,,
,,,,,,,,,,,,,,,,,,,,,,,,,,,,,,,,,
,,,,,,,,,,,,,,,,,,,,,,,,,,,,,,,,,
,,,,,,,,,,,,,,,,,,,,,,,,,,,,,,,,,
,,,,,,,,,,,,,,,,,,,,,,,,,,,,,,,,,
,,,,,,,,,,,,,,,,,,,,,,,,,,,,,,,,,
,,,,,,,,,,,,,,,,,,,,,,,,,,,,,,,,,
,,,,,,,,,,,,,,,,,,,,,,,,,,,,,,,,,
,,,,,,,,,,,,,,,,,,,,,,,,,,,,,,,,,
,,,,,,,,,,,,,,,,,,,,,,,,,,,,,,,,,
,,,,,,,,,,,,,,,,,,,,,,,,,,,,,,,,,
,,,,,,,,,,,,,,,,,,,,,,,,,,,,,,,,,
,,,,,,,,,,,,,,,,,,,,,,,,,,,,,,,,,
,,,,,,,,,,,,,,,,,,,,,,,,,,,,,,,,,
,,,,,,,,,,,,,,,,,,,,,,,,,,,,,,,,,
,,,,,,,,,,,,,,,,,,,,,,,,,,,,,,,,,
,,,,,,,,,,,,,,,,,,,,,,,,,,,,,,,,,
,,,,,,,,,,,,,,,,,,,,,,,,,,,,,,,,,
,,,,,,,,,,,,,,,,,,,,,,,,,,,,,,,,,
,,,,,,,,,,,,,,,,,,,,,,,,,,,,,,,,,
,,,,,,,,,,,,,,,,,,,,,,,,,,,,,,,,,
,,,,,,,,,,,,,,,,,,,,,,,,,,,,,,,,,
,,,,,,,,,,,,,,,,,,,,,,,,,,,,,,,,,
,,,,,,,,,,,,,,,,,,,,,,,,,,,,,,,,,
,,,,,,,,,,,,,,,,,,,,,,,,,,,,,,,,,
,,,,,,,,,,,,,,,,,,,,,,,,,,,,,,,,,
,,,,,,,,,,,,,,,,,,,,,,,,,,,,,,,,,
,,,,,,,,,,,,,,,,,,,,,,,,,,,,,,,,,
,,,,,,,,,,,,,,,,,,,,,,,,,,,,,,,,,
,,,,,,,,,,,,,,,,,,,,,,,,,,,,,,,,,
,,,,,,,,,,,,,,,,,,,,,,,,,,,,,,,,,
,,,,,,,,,,,,,,,,,,,,,,,,,,,,,,,,,
,,,,,,,,,,,,,,,,,,,,,,,,,,,,,,,,,
,,,,,,,,,,,,,,,,,,,,,,,,,,,,,,,,,
,,,,,,,,,,,,,,,,,,,,,,,,,,,,,,,,,
,,,,,,,,,,,,,,,,,,,,,,,,,,,,,,,,,
,,,,,,,,,,,,,,,,,,,,,,,,,,,,,,,,,
,,,,,,,,,,,,,,,,,,,,,,,,,,,,,,,,,
,,,,,,,,,,,,,,,,,,,,,,,,,,,,,,,,,
,,,,,,,,,,,,,,,,,,,,,,,,,,,,,,,,,
,,,,,,,,,,,,,,,,,,,,,,,,,,,,,,,,,
,,,,,,,,,,,,,,,,,,,,,,,,,,,,,,,,,
,,,,,,,,,,,,,,,,,,,,,,,,,,,,,,,,,
,,,,,,,,,,,,,,,,,,,,,,,,,,,,,,,,,
,,,,,,,,,,,,,,,,,,,,,,,,,,,,,,,,,
,,,,,,,,,,,,,,,,,,,,,,,,,,,,,,,,,
,,,,,,,,,,,,,,,,,,,,,,,,,,,,,,,,,
,,,,,,,,,,,,,,,,,,,,,,,,,,,,,,,,,
,,,,,,,,,,,,,,,,,,,,,,,,,,,,,,,,,
,,,,,,,,,,,,,,,,,,,,,,,,,,,,,,,,,
,,,,,,,,,,,,,,,,,,,,,,,,,,,,,,,,,
,,,,,,,,,,,,,,,,,,,,,,,,,,,,,,,,,
,,,,,,,,,,,,,,,,,,,,,,,,,,,,,,,,,
,,,,,,,,,,,,,,,,,,,,,,,,,,,,,,,,,
,,,,,,,,,,,,,,,,,,,,,,,,,,,,,,,,,
,,,,,,,,,,,,,,,,,,,,,,,,,,,,,,,,,
,,,,,,,,,,,,,,,,,,,,,,,,,,,,,,,,,
,,,,,,,,,,,,,,,,,,,,,,,,,,,,,,,,,
,,,,,,,,,,,,,,,,,,,,,,,,,,,,,,,,,
,,,,,,,,,,,,,,,,,,,,,,,,,,,,,,,,,
,,,,,,,,,,,,,,,,,,,,,,,,,,,,,,,,,
,,,,,,,,,,,,,,,,,,,,,,,,,,,,,,,,,
,,,,,,,,,,,,,,,,,,,,,,,,,,,,,,,,,
,,,,,,,,,,,,,,,,,,,,,,,,,,,,,,,,,
,,,,,,,,,,,,,,,,,,,,,,,,,,,,,,,,,
,,,,,,,,,,,,,,,,,,,,,,,,,,,,,,,,,
,,,,,,,,,,,,,,,,,,,,,,,,,,,,,,,,,
,,,,,,,,,,,,,,,,,,,,,,,,,,,,,,,,,
,,,,,,,,,,,,,,,,,,,,,,,,,,,,,,,,,
,,,,,,,,,,,,,,,,,,,,,,,,,,,,,,,,,
,,,,,,,,,,,,,,,,,,,,,,,,,,,,,,,,,
,,,,,,,,,,,,,,,,,,,,,,,,,,,,,,,,,
,,,,,,,,,,,,,,,,,,,,,,,,,,,,,,,,,
,,,,,,,,,,,,,,,,,,,,,,,,,,,,,,,,,
,,,,,,,,,,,,,,,,,,,,,,,,,,,,,,,,,
,,,,,,,,,,,,,,,,,,,,,,,,,,,,,,,,,
,,,,,,,,,,,,,,,,,,,,,,,,,,,,,,,,,
,,,,,,,,,,,,,,,,,,,,,,,,,,,,,,,,,
,,,,,,,,,,,,,,,,,,,,,,,,,,,,,,,,,
,,,,,,,,,,,,,,,,,,,,,,,,,,,,,,,,,
,,,,,,,,,,,,,,,,,,,,,,,,,,,,,,,,,
,,,,,,,,,,,,,,,,,,,,,,,,,,,,,,,,,
,,,,,,,,,,,,,,,,,,,,,,,,,,,,,,,,,
,,,,,,,,,,,,,,,,,,,,,,,,,,,,,,,,,
,,,,,,,,,,,,,,,,,,,,,,,,,,,,,,,,,
,,,,,,,,,,,,,,,,,,,,,,,,,,,,,,,,,
,,,,,,,,,,,,,,,,,,,,,,,,,,,,,,,,,
,,,,,,,,,,,,,,,,,,,,,,,,,,,,,,,,,
,,,,,,,,,,,,,,,,,,,,,,,,,,,,,,,,,
,,,,,,,,,,,,,,,,,,,,,,,,,,,,,,,,,
,,,,,,,,,,,,,,,,,,,,,,,,,,,,,,,,,
,,,,,,,,,,,,,,,,,,,,,,,,,,,,,,,,,
,,,,,,,,,,,,,,,,,,,,,,,,,,,,,,,,,
,,,,,,,,,,,,,,,,,,,,,,,,,,,,,,,,,
,,,,,,,,,,,,,,,,,,,,,,,,,,,,,,,,,
,,,,,,,,,,,,,,,,,,,,,,,,,,,,,,,,,
,,,,,,,,,,,,,,,,,,,,,,,,,,,,,,,,,
,,,,,,,,,,,,,,,,,,,,,,,,,,,,,,,,,
,,,,,,,,,,,,,,,,,,,,,,,,,,,,,,,,,
,,,,,,,,,,,,,,,,,,,,,,,,,,,,,,,,,
,,,,,,,,,,,,,,,,,,,,,,,,,,,,,,,,,
,,,,,,,,,,,,,,,,,,,,,,,,,,,,,,,,,
,,,,,,,,,,,,,,,,,,,,,,,,,,,,,,,,,
,,,,,,,,,,,,,,,,,,,,,,,,,,,,,,,,,
,,,,,,,,,,,,,,,,,,,,,,,,,,,,,,,,,
,,,,,,,,,,,,,,,,,,,,,,,,,,,,,,,,,
,,,,,,,,,,,,,,,,,,,,,,,,,,,,,,,,,
,,,,,,,,,,,,,,,,,,,,,,,,,,,,,,,,,
,,,,,,,,,,,,,,,,,,,,,,,,,,,,,,,,,
,,,,,,,,,,,,,,,,,,,,,,,,,,,,,,,,,
,,,,,,,,,,,,,,,,,,,,,,,,,,,,,,,,,
,,,,,,,,,,,,,,,,,,,,,,,,,,,,,,,,,
,,,,,,,,,,,,,,,,,,,,,,,,,,,,,,,,,
,,,,,,,,,,,,,,,,,,,,,,,,,,,,,,,,,
,,,,,,,,,,,,,,,,,,,,,,,,,,,,,,,,,
,,,,,,,,,,,,,,,,,,,,,,,,,,,,,,,,,
,,,,,,,,,,,,,,,,,,,,,,,,,,,,,,,,,
,,,,,,,,,,,,,,,,,,,,,,,,,,,,,,,,,
,,,,,,,,,,,,,,,,,,,,,,,,,,,,,,,,,
,,,,,,,,,,,,,,,,,,,,,,,,,,,,,,,,,
,,,,,,,,,,,,,,,,,,,,,,,,,,,,,,,,,
,,,,,,,,,,,,,,,,,,,,,,,,,,,,,,,,,
,,,,,,,,,,,,,,,,,,,,,,,,,,,,,,,,,
,,,,,,,,,,,,,,,,,,,,,,,,,,,,,,,,,
,,,,,,,,,,,,,,,,,,,,,,,,,,,,,,,,,
,,,,,,,,,,,,,,,,,,,,,,,,,,,,,,,,,
,,,,,,,,,,,,,,,,,,,,,,,,,,,,,,,,,
,,,,,,,,,,,,,,,,,,,,,,,,,,,,,,,,,
,,,,,,,,,,,,,,,,,,,,,,,,,,,,,,,,,
,,,,,,,,,,,,,,,,,,,,,,,,,,,,,,,,,
,,,,,,,,,,,,,,,,,,,,,,,,,,,,,,,,,
,,,,,,,,,,,,,,,,,,,,,,,,,,,,,,,,,
,,,,,,,,,,,,,,,,,,,,,,,,,,,,,,,,,
,,,,,,,,,,,,,,,,,,,,,,,,,,,,,,,,,
,,,,,,,,,,,,,,,,,,,,,,,,,,,,,,,,,
,,,,,,,,,,,,,,,,,,,,,,,,,,,,,,,,,
,,,,,,,,,,,,,,,,,,,,,,,,,,,,,,,,,
,,,,,,,,,,,,,,,,,,,,,,,,,,,,,,,,,
,,,,,,,,,,,,,,,,,,,,,,,,,,,,,,,,,
,,,,,,,,,,,,,,,,,,,,,,,,,,,,,,,,,
,,,,,,,,,,,,,,,,,,,,,,,,,,,,,,,,,
,,,,,,,,,,,,,,,,,,,,,,,,,,,,,,,,,
,,,,,,,,,,,,,,,,,,,,,,,,,,,,,,,,,
,,,,,,,,,,,,,,,,,,,,,,,,,,,,,,,,,
,,,,,,,,,,,,,,,,,,,,,,,,,,,,,,,,,
,,,,,,,,,,,,,,,,,,,,,,,,,,,,,,,,,
,,,,,,,,,,,,,,,,,,,,,,,,,,,,,,,,,
,,,,,,,,,,,,,,,,,,,,,,,,,,,,,,,,,
,,,,,,,,,,,,,,,,,,,,,,,,,,,,,,,,,
,,,,,,,,,,,,,,,,,,,,,,,,,,,,,,,,,
,,,,,,,,,,,,,,,,,,,,,,,,,,,,,,,,,
,,,,,,,,,,,,,,,,,,,,,,,,,,,,,,,,,
,,,,,,,,,,,,,,,,,,,,,,,,,,,,,,,,,
,,,,,,,,,,,,,,,,,,,,,,,,,,,,,,,,,
,,,,,,,,,,,,,,,,,,,,,,,,,,,,,,,,,
,,,,,,,,,,,,,,,,,,,,,,,,,,,,,,,,,
,,,,,,,,,,,,,,,,,,,,,,,,,,,,,,,,,
,,,,,,,,,,,,,,,,,,,,,,,,,,,,,,,,,
,,,,,,,,,,,,,,,,,,,,,,,,,,,,,,,,,
,,,,,,,,,,,,,,,,,,,,,,,,,,,,,,,,,
,,,,,,,,,,,,,,,,,,,,,,,,,,,,,,,,,
,,,,,,,,,,,,,,,,,,,,,,,,,,,,,,,,,
,,,,,,,,,,,,,,,,,,,,,,,,,,,,,,,,,
,,,,,,,,,,,,,,,,,,,,,,,,,,,,,,,,,
,,,,,,,,,,,,,,,,,,,,,,,,,,,,,,,,,
,,,,,,,,,,,,,,,,,,,,,,,,,,,,,,,,,
,,,,,,,,,,,,,,,,,,,,,,,,,,,,,,,,,
,,,,,,,,,,,,,,,,,,,,,,,,,,,,,,,,,
,,,,,,,,,,,,,,,,,,,,,,,,,,,,,,,,,
,,,,,,,,,,,,,,,,,,,,,,,,,,,,,,,,,
,,,,,,,,,,,,,,,,,,,,,,,,,,,,,,,,,
,,,,,,,,,,,,,,,,,,,,,,,,,,,,,,,,,
,,,,,,,,,,,,,,,,,,,,,,,,,,,,,,,,,
,,,,,,,,,,,,,,,,,,,,,,,,,,,,,,,,,
,,,,,,,,,,,,,,,,,,,,,,,,,,,,,,,,,
,,,,,,,,,,,,,,,,,,,,,,,,,,,,,,,,,
,,,,,,,,,,,,,,,,,,,,,,,,,,,,,,,,,
,,,,,,,,,,,,,,,,,,,,,,,,,,,,,,,,,
,,,,,,,,,,,,,,,,,,,,,,,,,,,,,,,,,
,,,,,,,,,,,,,,,,,,,,,,,,,,,,,,,,,
,,,,,,,,,,,,,,,,,,,,,,,,,,,,,,,,,
,,,,,,,,,,,,,,,,,,,,,,,,,,,,,,,,,
,,,,,,,,,,,,,,,,,,,,,,,,,,,,,,,,,
,,,,,,,,,,,,,,,,,,,,,,,,,,,,,,,,,
,,,,,,,,,,,,,,,,,,,,,,,,,,,,,,,,,
,,,,,,,,,,,,,,,,,,,,,,,,,,,,,,,,,
,,,,,,,,,,,,,,,,,,,,,,,,,,,,,,,,,
,,,,,,,,,,,,,,,,,,,,,,,,,,,,,,,,,
,,,,,,,,,,,,,,,,,,,,,,,,,,,,,,,,,
,,,,,,,,,,,,,,,,,,,,,,,,,,,,,,,,,
,,,,,,,,,,,,,,,,,,,,,,,,,,,,,,,,,
,,,,,,,,,,,,,,,,,,,,,,,,,,,,,,,,,
,,,,,,,,,,,,,,,,,,,,,,,,,,,,,,,,,
,,,,,,,,,,,,,,,,,,,,,,,,,,,,,,,,,
,,,,,,,,,,,,,,,,,,,,,,,,,,,,,,,,,
,,,,,,,,,,,,,,,,,,,,,,,,,,,,,,,,,
,,,,,,,,,,,,,,,,,,,,,,,,,,,,,,,,,
,,,,,,,,,,,,,,,,,,,,,,,,,,,,,,,,,
,,,,,,,,,,,,,,,,,,,,,,,,,,,,,,,,,
,,,,,,,,,,,,,,,,,,,,,,,,,,,,,,,,,
,,,,,,,,,,,,,,,,,,,,,,,,,,,,,,,,,
,,,,,,,,,,,,,,,,,,,,,,,,,,,,,,,,,
,,,,,,,,,,,,,,,,,,,,,,,,,,,,,,,,,
,,,,,,,,,,,,,,,,,,,,,,,,,,,,,,,,,
,,,,,,,,,,,,,,,,,,,,,,,,,,,,,,,,,
,,,,,,,,,,,,,,,,,,,,,,,,,,,,,,,,,
,,,,,,,,,,,,,,,,,,,,,,,,,,,,,,,,,
,,,,,,,,,,,,,,,,,,,,,,,,,,,,,,,,,
,,,,,,,,,,,,,,,,,,,,,,,,,,,,,,,,,
,,,,,,,,,,,,,,,,,,,,,,,,,,,,,,,,,
,,,,,,,,,,,,,,,,,,,,,,,,,,,,,,,,,
,,,,,,,,,,,,,,,,,,,,,,,,,,,,,,,,,
,,,,,,,,,,,,,,,,,,,,,,,,,,,,,,,,,
,,,,,,,,,,,,,,,,,,,,,,,,,,,,,,,,,
,,,,,,,,,,,,,,,,,,,,,,,,,,,,,,,,,
,,,,,,,,,,,,,,,,,,,,,,,,,,,,,,,,,
,,,,,,,,,,,,,,,,,,,,,,,,,,,,,,,,,
,,,,,,,,,,,,,,,,,,,,,,,,,,,,,,,,,
,,,,,,,,,,,,,,,,,,,,,,,,,,,,,,,,,
,,,,,,,,,,,,,,,,,,,,,,,,,,,,,,,,,
,,,,,,,,,,,,,,,,,,,,,,,,,,,,,,,,,
,,,,,,,,,,,,,,,,,,,,,,,,,,,,,,,,,
,,,,,,,,,,,,,,,,,,,,,,,,,,,,,,,,,
,,,,,,,,,,,,,,,,,,,,,,,,,,,,,,,,,
,,,,,,,,,,,,,,,,,,,,,,,,,,,,,,,,,
,,,,,,,,,,,,,,,,,,,,,,,,,,,,,,,,,
,,,,,,,,,,,,,,,,,,,,,,,,,,,,,,,,,
,,,,,,,,,,,,,,,,,,,,,,,,,,,,,,,,,
,,,,,,,,,,,,,,,,,,,,,,,,,,,,,,,,,
,,,,,,,,,,,,,,,,,,,,,,,,,,,,,,,,,
,,,,,,,,,,,,,,,,,,,,,,,,,,,,,,,,,
,,,,,,,,,,,,,,,,,,,,,,,,,,,,,,,,,
,,,,,,,,,,,,,,,,,,,,,,,,,,,,,,,,,
,,,,,,,,,,,,,,,,,,,,,,,,,,,,,,,,,
,,,,,,,,,,,,,,,,,,,,,,,,,,,,,,,,,
,,,,,,,,,,,,,,,,,,,,,,,,,,,,,,,,,
,,,,,,,,,,,,,,,,,,,,,,,,,,,,,,,,,
,,,,,,,,,,,,,,,,,,,,,,,,,,,,,,,,,
,,,,,,,,,,,,,,,,,,,,,,,,,,,,,,,,,
,,,,,,,,,,,,,,,,,,,,,,,,,,,,,,,,,
,,,,,,,,,,,,,,,,,,,,,,,,,,,,,,,,,
,,,,,,,,,,,,,,,,,,,,,,,,,,,,,,,,,
,,,,,,,,,,,,,,,,,,,,,,,,,,,,,,,,,
,,,,,,,,,,,,,,,,,,,,,,,,,,,,,,,,,
,,,,,,,,,,,,,,,,,,,,,,,,,,,,,,,,,
,,,,,,,,,,,,,,,,,,,,,,,,,,,,,,,,,
,,,,,,,,,,,,,,,,,,,,,,,,,,,,,,,,,
,,,,,,,,,,,,,,,,,,,,,,,,,,,,,,,,,
,,,,,,,,,,,,,,,,,,,,,,,,,,,,,,,,,
,,,,,,,,,,,,,,,,,,,,,,,,,,,,,,,,,
,,,,,,,,,,,,,,,,,,,,,,,,,,,,,,,,,
,,,,,,,,,,,,,,,,,,,,,,,,,,,,,,,,,
,,,,,,,,,,,,,,,,,,,,,,,,,,,,,,,,,
,,,,,,,,,,,,,,,,,,,,,,,,,,,,,,,,,
,,,,,,,,,,,,,,,,,,,,,,,,,,,,,,,,,
,,,,,,,,,,,,,,,,,,,,,,,,,,,,,,,,,
,,,,,,,,,,,,,,,,,,,,,,,,,,,,,,,,,
,,,,,,,,,,,,,,,,,,,,,,,,,,,,,,,,,
,,,,,,,,,,,,,,,,,,,,,,,,,,,,,,,,,
,,,,,,,,,,,,,,,,,,,,,,,,,,,,,,,,,
,,,,,,,,,,,,,,,,,,,,,,,,,,,,,,,,,
,,,,,,,,,,,,,,,,,,,,,,,,,,,,,,,,,
,,,,,,,,,,,,,,,,,,,,,,,,,,,,,,,,,
,,,,,,,,,,,,,,,,,,,,,,,,,,,,,,,,,
,,,,,,,,,,,,,,,,,,,,,,,,,,,,,,,,,
,,,,,,,,,,,,,,,,,,,,,,,,,,,,,,,,,
,,,,,,,,,,,,,,,,,,,,,,,,,,,,,,,,,
,,,,,,,,,,,,,,,,,,,,,,,,,,,,,,,,,
,,,,,,,,,,,,,,,,,,,,,,,,,,,,,,,,,
,,,,,,,,,,,,,,,,,,,,,,,,,,,,,,,,,
,,,,,,,,,,,,,,,,,,,,,,,,,,,,,,,,,
,,,,,,,,,,,,,,,,,,,,,,,,,,,,,,,,,
,,,,,,,,,,,,,,,,,,,,,,,,,,,,,,,,,
,,,,,,,,,,,,,,,,,,,,,,,,,,,,,,,,,
,,,,,,,,,,,,,,,,,,,,,,,,,,,,,,,,,
,,,,,,,,,,,,,,,,,,,,,,,,,,,,,,,,,
,,,,,,,,,,,,,,,,,,,,,,,,,,,,,,,,,
,,,,,,,,,,,,,,,,,,,,,,,,,,,,,,,,,
,,,,,,,,,,,,,,,,,,,,,,,,,,,,,,,,,
,,,,,,,,,,,,,,,,,,,,,,,,,,,,,,,,,
,,,,,,,,,,,,,,,,,,,,,,,,,,,,,,,,,
,,,,,,,,,,,,,,,,,,,,,,,,,,,,,,,,,
,,,,,,,,,,,,,,,,,,,,,,,,,,,,,,,,,
,,,,,,,,,,,,,,,,,,,,,,,,,,,,,,,,,
,,,,,,,,,,,,,,,,,,,,,,,,,,,,,,,,,
,,,,,,,,,,,,,,,,,,,,,,,,,,,,,,,,,
,,,,,,,,,,,,,,,,,,,,,,,,,,,,,,,,,
